Reference_Date,Gold_Ask_995,Gold_Bid_995,Sov_Old_Ask,Sov_Old_Bid,Sov_New_Upto1973_Ask,Sov_New_Upto1973_Bid,Sov_New_Post1974_Ask,Sov_New_Post1974_Bid,Gold_Spread,Sov_Old_Spread,Sov_New_Upto1973_Spread,Sov_New_Post1974_Spread
2009-01-02,19.91,21.65,150.07,167.6,150.07,167.6,150.07,167.6,-1.74,-17.53,-17.53,-17.53
2009-01-07,20.16,21.92,151.77,169.64,151.77,169.64,151.77,169.64,-1.76,-17.87,-17.87,-17.87
2009-01-08,19.67,21.39,148.2,165.44,148.2,165.44,148.2,165.44,-1.72,-17.24,-17.24,-17.24
2009-01-12,20.08,21.83,151.16,168.68,151.16,168.68,151.16,168.68,-1.75,-17.52,-17.52,-17.52
2009-01-13,19.63,21.35,147.61,165.04,147.61,165.04,147.61,165.04,-1.72,-17.43,-17.43,-17.43
2009-01-19,19.93,21.68,150.23,167.78,150.23,167.78,150.23,167.78,-1.75,-17.55,-17.55,-17.55
2009-01-20,20.18,21.94,152.03,169.89,152.03,169.89,152.03,169.89,-1.76,-17.86,-17.86,-17.86
2009-01-21,21.07,22.91,158.42,177.06,158.42,177.06,158.42,177.06,-1.84,-18.64,-18.64,-18.64
2009-01-22,20.75,22.56,156.04,174.13,156.04,174.13,156.04,174.13,-1.81,-18.09,-18.09,-18.09
2009-01-23,21.45,23.32,161.44,180.38,161.44,180.38,161.44,180.38,-1.87,-18.94,-18.94,-18.94
2009-01-26,22.15,24.07,166.49,185.97,166.49,185.97,166.49,185.97,-1.92,-19.48,-19.48,-19.48
2009-01-27,21.33,23.19,160.67,179.57,160.67,179.57,160.67,179.57,-1.86,-18.9,-18.9,-18.9
2009-01-28,21.18,23.03,158.76,177.57,158.76,177.57,158.76,177.57,-1.85,-18.81,-18.81,-18.81
2009-01-29,21.34,23.21,160.49,179.13,160.49,179.13,160.49,179.13,-1.87,-18.64,-18.64,-18.64
2009-01-30,22.69,24.66,170.73,190.88,170.73,190.88,170.73,190.88,-1.97,-20.15,-20.15,-20.15
2009-02-03,22.21,24.14,167.01,186.59,167.01,186.59,167.01,186.59,-1.93,-19.58,-19.58,-19.58
2009-02-04,22.07,23.99,166.15,185.58,166.15,185.58,166.15,185.58,-1.92,-19.43,-19.43,-19.43
2009-02-05,22.49,24.44,169.77,189.48,169.77,189.48,169.77,189.48,-1.95,-19.71,-19.71,-19.71
2009-02-06,22.71,24.68,171.22,191.09,171.22,191.09,171.22,191.09,-1.97,-19.87,-19.87,-19.87
2009-02-09,22.22,24.16,167.52,187.07,167.52,187.07,167.52,187.07,-1.94,-19.55,-19.55,-19.55
2009-02-10,21.93,23.84,164.98,184.43,164.98,184.43,164.98,184.43,-1.91,-19.45,-19.45,-19.45
2009-02-11,22.54,24.5,170.32,190,170.32,190,170.32,190,-1.96,-19.68,-19.68,-19.68
2009-02-12,23.04,25.04,173.56,193.85,173.56,193.85,173.56,193.85,-2,-20.29,-20.29,-20.29
2009-02-16,23.39,25.42,176.09,196.24,176.09,196.24,176.09,196.24,-2.03,-20.15,-20.15,-20.15
2009-02-17,23.99,26.08,180.62,201.92,180.62,201.92,180.62,201.92,-2.09,-21.3,-21.3,-21.3
2009-02-18,24.38,26.5,183.58,205.07,183.58,205.07,183.58,205.07,-2.12,-21.49,-21.49,-21.49
2009-02-23,23.99,26.64,180.35,205.7,180.35,205.7,180.35,205.7,-2.65,-25.35,-25.35,-25.35
2009-02-24,24.29,26.97,182.76,208.43,182.76,208.43,182.76,208.43,-2.68,-25.67,-25.67,-25.67
2009-02-25,23.44,26.04,176.54,202.07,176.54,202.07,176.54,202.07,-2.6,-25.53,-25.53,-25.53
2009-02-26,23.16,25.72,174.53,199.27,174.53,199.27,174.53,199.27,-2.56,-24.74,-24.74,-24.74
2009-03-03,22.74,25.49,169.12,197.28,169.12,197.28,169.12,197.28,-2.75,-28.16,-28.16,-28.16
2009-03-05,22.49,25.22,167.56,194.95,167.56,194.95,167.56,194.95,-2.73,-27.39,-27.39,-27.39
2009-03-06,23.06,25.85,171.71,200.08,171.71,200.08,171.71,200.08,-2.79,-28.37,-28.37,-28.37
2009-03-10,22.36,25.09,166.86,194.03,166.86,194.03,166.86,194.03,-2.73,-27.17,-27.17,-27.17
2009-03-11,21.98,24.64,163.4,190.54,163.4,190.54,163.4,190.54,-2.66,-27.14,-27.14,-27.14
2009-03-12,22.22,24.91,165.41,192.46,165.41,192.46,165.41,192.46,-2.69,-27.05,-27.05,-27.05
2009-03-13,22.22,24.92,163.63,192.86,163.63,192.86,163.63,192.86,-2.7,-29.23,-29.23,-29.23
2009-03-16,21.96,24.65,161.9,190.82,161.9,190.82,161.9,190.82,-2.69,-28.92,-28.92,-28.92
2009-03-18,21.64,24.28,159.61,189.24,159.61,189.24,159.61,189.24,-2.64,-29.63,-29.63,-29.63
2009-03-19,21.4,23.99,158.11,186.95,158.11,186.95,158.11,186.95,-2.59,-28.84,-28.84,-28.84
2009-03-20,21.78,24.44,160.57,190.78,160.57,190.78,160.57,190.78,-2.66,-30.21,-30.21,-30.21
2009-03-23,21.61,24.25,159.85,189.16,159.85,189.16,159.85,189.16,-2.64,-29.31,-29.31,-29.31
2009-03-24,21.4,24,158.17,187.48,158.17,187.48,158.17,187.48,-2.6,-29.31,-29.31,-29.31
2009-03-30,21.8,24.45,160.97,191.22,160.97,191.22,160.97,191.22,-2.65,-30.25,-30.25,-30.25
2009-03-31,21.54,24.15,158.64,188.68,158.64,188.68,158.64,188.68,-2.61,-30.04,-30.04,-30.04
2009-04-03,20.91,23.45,154.23,183,154.23,183,154.23,183,-2.54,-28.77,-28.77,-28.77
2009-04-06,20.12,22.57,148.27,175.8,148.27,175.8,148.27,175.8,-2.45,-27.53,-27.53,-27.53
2009-04-07,20.36,22.84,150.43,178.36,150.43,178.36,150.43,178.36,-2.48,-27.93,-27.93,-27.93
2009-04-08,20.88,23.42,154.05,182.42,154.05,182.42,154.05,182.42,-2.54,-28.37,-28.37,-28.37
2009-04-09,20.65,23.16,152.12,181.03,152.12,181.03,152.12,181.03,-2.51,-28.91,-28.91,-28.91
2009-04-13,20.94,23.48,154.21,183.4,154.21,183.4,154.21,183.4,-2.54,-29.19,-29.19,-29.19
2009-04-21,21.23,23.82,156.79,185.66,156.79,185.66,156.79,185.66,-2.59,-28.87,-28.87,-28.87
2009-04-24,21.5,24.1,158.28,188.48,158.28,188.48,158.28,188.48,-2.6,-30.2,-30.2,-30.2
2009-04-29,21.03,23.58,154.84,184.04,154.84,184.04,154.84,184.04,-2.55,-29.2,-29.2,-29.2
2009-05-04,20.78,23.29,153.15,182.03,153.15,182.03,153.15,182.03,-2.51,-28.88,-28.88,-28.88
2009-05-05,20.99,23.53,154.87,183.75,154.87,183.75,154.87,183.75,-2.54,-28.88,-28.88,-28.88
2009-05-07,21.25,23.82,156.43,186.28,156.43,186.28,156.43,186.28,-2.57,-29.85,-29.85,-29.85
2009-05-11,20.82,23.34,153.93,182.33,153.93,182.33,153.93,182.33,-2.52,-28.4,-28.4,-28.4
2009-05-13,21.03,23.58,155.15,184.33,155.15,184.33,155.15,184.33,-2.55,-29.18,-29.18,-29.18
2009-05-18,21.53,24.14,159.23,188.17,159.23,188.17,159.23,188.17,-2.61,-28.94,-28.94,-28.94
2009-05-19,21.09,23.63,155.61,184.21,155.61,184.21,155.61,184.21,-2.54,-28.6,-28.6,-28.6
2009-05-21,21.23,23.78,156.21,186.04,156.21,186.04,156.21,186.04,-2.55,-29.83,-29.83,-29.83
2009-05-29,21.42,24.01,158.07,187.61,158.07,187.61,158.07,187.61,-2.59,-29.54,-29.54,-29.54
2009-06-02,21.26,23.93,155.79,186.64,155.79,186.64,155.79,186.64,-2.67,-30.85,-30.85,-30.85
2009-06-04,21.05,23.71,154.18,184.82,154.18,184.82,154.18,184.82,-2.66,-30.64,-30.64,-30.64
2009-06-05,21.29,23.98,156.44,187.22,156.44,187.22,156.44,187.22,-2.69,-30.78,-30.78,-30.78
2009-06-10,21.05,23.71,154.8,184.91,154.8,184.91,154.8,184.91,-2.66,-30.11,-30.11,-30.11
2009-06-15,20.73,23.37,151.99,182.16,151.99,182.16,151.99,182.16,-2.64,-30.17,-30.17,-30.17
2009-06-23,20.43,23.02,150.05,179.5,150.05,179.5,150.05,179.5,-2.59,-29.45,-29.45,-29.45
2009-06-25,20.71,23.32,151.85,181.99,151.85,181.99,151.85,181.99,-2.61,-30.14,-30.14,-30.14
2009-07-01,20.43,23.02,149.66,179.59,149.66,179.59,149.66,179.59,-2.59,-29.93,-29.93,-29.93
2009-07-10,20.2,22.77,148.07,177.98,148.07,177.98,148.07,177.98,-2.57,-29.91,-29.91,-29.91
2009-07-15,20.45,23.05,150.2,180.23,150.2,180.23,150.2,180.23,-2.6,-30.03,-30.03,-30.03
2009-07-21,20.64,23.24,151.35,181.83,151.35,181.83,151.35,181.83,-2.6,-30.48,-30.48,-30.48
2009-07-29,20.44,23.03,150.25,179.98,150.25,179.98,150.25,179.98,-2.59,-29.73,-29.73,-29.73
2009-08-03,20.7,23.32,151.61,182.04,151.61,182.04,151.61,182.04,-2.62,-30.43,-30.43,-30.43
2009-08-04,20.47,23.07,150.16,180.31,150.16,180.31,150.16,180.31,-2.6,-30.15,-30.15,-30.15
2009-08-05,20.67,23.29,151.99,181.48,151.99,181.48,151.99,181.48,-2.62,-29.49,-29.49,-29.49
2009-08-25,20.42,23.01,151.72,179.87,151.72,179.87,151.72,179.87,-2.59,-28.15,-28.15,-28.15
2009-08-31,20.62,23.24,152.64,181.61,152.64,181.61,152.64,181.61,-2.62,-28.97,-28.97,-28.97
2009-09-03,21.11,23.78,156.9,185.37,156.9,185.37,156.9,185.37,-2.67,-28.47,-28.47,-28.47
2009-09-04,21.45,24.18,159.16,188.49,159.16,188.49,159.16,188.49,-2.73,-29.33,-29.33,-29.33
2009-09-09,21.21,23.89,157.21,186.83,157.21,186.83,157.21,186.83,-2.68,-29.62,-29.62,-29.62
2009-09-10,21.08,23.74,156.39,185.14,156.39,185.14,156.39,185.14,-2.66,-28.75,-28.75,-28.75
2009-09-14,21.28,23.96,158.08,186.95,158.08,186.95,158.08,186.95,-2.68,-28.87,-28.87,-28.87
2009-09-15,21.12,23.76,156.57,185.26,156.57,185.26,156.57,185.26,-2.64,-28.69,-28.69,-28.69
2009-09-16,21.25,23.92,157.42,186.81,157.42,186.81,157.42,186.81,-2.67,-29.39,-29.39,-29.39
2009-09-21,20.96,23.72,154.34,185.17,154.34,185.17,154.34,185.17,-2.76,-30.83,-30.83,-30.83
2009-10-01,21.16,23.94,156.4,186.74,156.4,186.74,156.4,186.74,-2.78,-30.34,-30.34,-30.34
2009-10-07,21.72,24.59,160.15,192.03,160.15,192.03,160.15,192.03,-2.87,-31.88,-31.88,-31.88
2009-10-08,21.93,24.83,161.58,194.17,161.58,194.17,161.58,194.17,-2.9,-32.59,-32.59,-32.59
2009-10-15,21.73,24.6,160.38,191.94,160.38,191.94,160.38,191.94,-2.87,-31.56,-31.56,-31.56
2009-10-27,21.5,24.34,158.78,190.29,158.78,190.29,158.78,190.29,-2.84,-31.51,-31.51,-31.51
2009-11-02,21.77,24.64,160.88,192.71,160.88,192.71,160.88,192.71,-2.87,-31.83,-31.83,-31.83
2009-11-03,22.1,25.01,163.26,195.21,163.26,195.21,163.26,195.21,-2.91,-31.95,-31.95,-31.95
2009-11-04,22.62,25.6,166.66,199.62,166.66,199.62,166.66,199.62,-2.98,-32.96,-32.96,-32.96
2009-11-12,22.97,25.99,169.56,203.01,169.56,203.01,169.56,203.01,-3.02,-33.45,-33.45,-33.45
2009-11-16,23.18,26.23,171.21,204.81,171.21,204.81,171.21,204.81,-3.05,-33.6,-33.6,-33.6
2009-11-18,23.5,26.59,173.46,208.01,173.46,208.01,173.46,208.01,-3.09,-34.55,-34.55,-34.55
2009-11-23,23.95,27.1,176.89,211.59,176.89,211.59,176.89,211.59,-3.15,-34.7,-34.7,-34.7
2009-11-26,24.26,27.46,179.47,214.77,179.47,214.77,179.47,214.77,-3.2,-35.3,-35.3,-35.3
2009-11-27,23.68,26.81,175.14,209.14,175.14,209.14,175.14,209.14,-3.13,-34,-34,-34
2009-11-30,23.93,27.1,176.13,211.29,176.13,211.29,176.13,211.29,-3.17,-35.16,-35.16,-35.16
2009-12-01,24.17,27.34,178.14,213.52,178.14,213.52,178.14,213.52,-3.17,-35.38,-35.38,-35.38
2009-12-02,24.72,27.97,182.83,218.34,182.83,218.34,182.83,218.34,-3.25,-35.51,-35.51,-35.51
2009-12-07,23.86,27.01,176.12,210.84,176.12,210.84,176.12,210.84,-3.15,-34.72,-34.72,-34.72
2009-12-09,23.66,26.78,174.69,208.87,174.69,208.87,174.69,208.87,-3.12,-34.18,-34.18,-34.18
2009-12-16,23.92,27.07,176.89,211.48,176.89,211.48,176.89,211.48,-3.15,-34.59,-34.59,-34.59
2009-12-18,23.63,26.75,174.76,208.76,174.76,208.76,174.76,208.76,-3.12,-34,-34,-34
2009-12-21,23.87,27.02,175.95,210.81,175.95,210.81,175.95,210.81,-3.15,-34.86,-34.86,-34.86
2009-12-22,23.53,26.63,173.78,207.85,173.78,207.85,173.78,207.85,-3.1,-34.07,-34.07,-34.07
2009-12-28,23.77,26.9,175.33,210.08,175.33,210.08,175.33,210.08,-3.13,-34.75,-34.75,-34.75
2009-12-29,23.53,26.63,173.55,208.13,173.55,208.13,173.55,208.13,-3.1,-34.58,-34.58,-34.58
2010-01-04,23.78,26.92,175.67,209.85,175.67,209.85,175.67,209.85,-3.14,-34.18,-34.18,-34.18
2010-01-05,23.97,27.12,176.61,212.06,176.61,212.06,176.61,212.06,-3.15,-35.45,-35.45,-35.45
2010-01-07,24.22,27.4,178.77,213.73,178.77,213.73,178.77,213.73,-3.18,-34.96,-34.96,-34.96
2010-01-11,24.44,27.66,180.63,216.23,180.63,216.23,180.63,216.23,-3.22,-35.6,-35.6,-35.6
2010-01-13,23.95,27.1,176.9,211.59,176.9,211.59,176.9,211.59,-3.15,-34.69,-34.69,-34.69
2010-01-15,24.26,27.44,178.89,214.52,178.89,214.52,178.89,214.52,-3.18,-35.63,-35.63,-35.63
2010-01-20,24.56,27.79,181.34,216.79,181.34,216.79,181.34,216.79,-3.23,-35.45,-35.45,-35.45
2010-01-21,24.32,27.53,179.77,215.28,179.77,215.28,179.77,215.28,-3.21,-35.51,-35.51,-35.51
2010-01-22,23.79,26.93,175.83,210.3,175.83,210.3,175.83,210.3,-3.14,-34.47,-34.47,-34.47
2010-01-27,23.97,27.13,176.64,212.01,176.64,212.01,176.64,212.01,-3.16,-35.37,-35.37,-35.37
2010-02-02,24.32,27.53,179.88,214.95,179.88,214.95,179.88,214.95,-3.21,-35.07,-35.07,-35.07
2010-02-03,24.55,27.78,181.37,217.2,181.37,217.2,181.37,217.2,-3.23,-35.83,-35.83,-35.83
2010-02-05,23.87,27.01,176.19,210.63,176.19,210.63,176.19,210.63,-3.14,-34.44,-34.44,-34.44
2010-02-08,24.05,27.21,177.77,212.42,177.77,212.42,177.77,212.42,-3.16,-34.65,-34.65,-34.65
2010-02-12,24.52,27.75,180.96,216.52,180.96,216.52,180.96,216.52,-3.23,-35.56,-35.56,-35.56
2010-02-16,24.99,28.27,184.22,220.8,184.22,220.8,184.22,220.8,-3.28,-36.58,-36.58,-36.58
2010-02-19,25.16,28.46,185.8,222.78,185.8,222.78,185.8,222.78,-3.3,-36.98,-36.98,-36.98
2010-02-25,24.91,28.18,183.83,219.94,183.83,219.94,183.83,219.94,-3.27,-36.11,-36.11,-36.11
2010-02-26,25.1,28.39,185,221.73,185,221.73,185,221.73,-3.29,-36.73,-36.73,-36.73
2010-03-02,25.35,28.68,187.09,224.03,187.09,224.03,187.09,224.03,-3.33,-36.94,-36.94,-36.94
2010-03-03,25.57,28.93,188.64,226.27,188.64,226.27,188.64,226.27,-3.36,-37.63,-37.63,-37.63
2010-03-09,25.31,28.64,186.78,223.57,186.78,223.57,186.78,223.57,-3.33,-36.79,-36.79,-36.79
2010-03-11,24.89,28.17,183.98,219.74,183.98,219.74,183.98,219.74,-3.28,-35.76,-35.76,-35.76
2010-03-15,24.71,27.96,182.25,218.54,182.25,218.54,182.25,218.54,-3.25,-36.29,-36.29,-36.29
2010-03-16,24.96,28.24,184.28,220.77,184.28,220.77,184.28,220.77,-3.28,-36.49,-36.49,-36.49
2010-03-17,25.15,28.45,185.95,222.39,185.95,222.39,185.95,222.39,-3.3,-36.44,-36.44,-36.44
2010-03-19,25.37,28.7,187.43,224.25,187.43,224.25,187.43,224.25,-3.33,-36.82,-36.82,-36.82
2010-03-22,25.18,28.48,186.12,222.29,186.12,222.29,186.12,222.29,-3.3,-36.17,-36.17,-36.17
2010-03-29,25.31,28.64,187.01,224.04,187.01,224.04,187.01,224.04,-3.33,-37.03,-37.03,-37.03
2010-04-06,25.84,29.23,190.96,228.36,190.96,228.36,190.96,228.36,-3.39,-37.4,-37.4,-37.4
2010-04-07,26.15,29.58,193.01,230.62,193.01,230.62,193.01,230.62,-3.43,-37.61,-37.61,-37.61
2010-04-08,26.42,29.89,195.26,233.11,195.26,233.11,195.26,233.11,-3.47,-37.85,-37.85,-37.85
2010-04-12,26.19,29.63,193.04,231.62,193.04,231.62,193.04,231.62,-3.44,-38.58,-38.58,-38.58
2010-04-14,26.02,29.42,192.05,229.86,192.05,229.86,192.05,229.86,-3.4,-37.81,-37.81,-37.81
2010-04-16,26.21,29.65,193.71,231.84,193.71,231.84,193.71,231.84,-3.44,-38.13,-38.13,-38.13
2010-04-19,25.93,29.32,191.08,229.19,191.08,229.19,191.08,229.19,-3.39,-38.11,-38.11,-38.11
2010-04-21,26.18,29.61,193.33,230.9,193.33,230.9,193.33,230.9,-3.43,-37.57,-37.57,-37.57
2010-04-22,26.3,29.77,194.35,232.81,194.35,232.81,194.35,232.81,-3.47,-38.46,-38.46,-38.46
2010-04-26,26.65,30.16,196.96,235.63,196.96,235.63,196.96,235.63,-3.51,-38.67,-38.67,-38.67
2010-04-28,27.13,30.68,200.24,239.45,200.24,239.45,200.24,239.45,-3.55,-39.21,-39.21,-39.21
2010-05-03,27.36,30.96,201.98,242.02,201.98,242.02,201.98,242.02,-3.6,-40.04,-40.04,-40.04
2010-05-04,27.74,31.38,204.96,245.39,204.96,245.39,204.96,245.39,-3.64,-40.43,-40.43,-40.43
2010-05-06,28.16,31.85,208.15,248.59,208.15,248.59,208.15,248.59,-3.69,-40.44,-40.44,-40.44
2010-05-07,29.06,32.88,214.4,256.36,214.4,256.36,214.4,256.36,-3.82,-41.96,-41.96,-41.96
2010-05-10,28.53,32.28,210.38,252.37,210.38,252.37,210.38,252.37,-3.75,-41.99,-41.99,-41.99
2010-05-11,29.09,32.9,214.59,257.3,214.59,257.3,214.59,257.3,-3.81,-42.71,-42.71,-42.71
2010-05-12,30.08,34.02,222.09,265.54,222.09,265.54,222.09,265.54,-3.94,-43.45,-43.45,-43.45
2010-05-14,30.58,34.59,226.17,270.2,226.17,270.2,226.17,270.2,-4.01,-44.03,-44.03,-44.03
2010-05-17,31.06,35.13,228.14,272.76,228.14,272.76,228.14,272.76,-4.07,-44.62,-44.62,-44.62
2010-05-18,30.07,34,221.85,265.78,221.85,265.78,221.85,265.78,-3.93,-43.93,-43.93,-43.93
2010-05-19,30.75,34.78,226.93,271.74,226.93,271.74,226.93,271.74,-4.03,-44.81,-44.81,-44.81
2010-05-20,29.71,33.61,219.4,262.42,219.4,262.42,219.4,262.42,-3.9,-43.02,-43.02,-43.02
2010-05-21,28.62,32.38,211.63,252.74,211.63,252.74,211.63,252.74,-3.76,-41.11,-41.11,-41.11
2010-05-25,29.8,33.71,220.37,263.59,220.37,263.59,220.37,263.59,-3.91,-43.22,-43.22,-43.22
2010-05-26,30.13,34.08,222.78,266.14,222.78,266.14,222.78,266.14,-3.95,-43.36,-43.36,-43.36
2010-05-27,30.5,34.49,224.88,269.3,224.88,269.3,224.88,269.3,-3.99,-44.42,-44.42,-44.42
2010-05-28,30.27,34.24,223.67,267.1,223.67,267.1,223.67,267.1,-3.97,-43.43,-43.43,-43.43
2010-06-01,30.83,34.87,227.82,271.84,227.82,271.84,227.82,271.84,-4.04,-44.02,-44.02,-44.02
2010-06-03,30.57,34.56,225.41,269.83,225.41,269.83,225.41,269.83,-3.99,-44.42,-44.42,-44.42
2010-06-07,31.44,35.56,232.52,277.44,232.52,277.44,232.52,277.44,-4.12,-44.92,-44.92,-44.92
2010-06-08,32.22,36.43,238.34,284.5,238.34,284.5,238.34,284.5,-4.21,-46.16,-46.16,-46.16
2010-06-09,31.9,36.07,235.61,281.57,235.61,281.57,235.61,281.57,-4.17,-45.96,-45.96,-45.96
2010-06-10,31.37,35.48,231.53,276.91,231.53,276.91,231.53,276.91,-4.11,-45.38,-45.38,-45.38
2010-06-11,30.92,34.96,227.92,272.93,227.92,272.93,227.92,272.93,-4.04,-45.01,-45.01,-45.01
2010-06-14,31.14,35.2,230.16,275.17,230.16,275.17,230.16,275.17,-4.06,-45.01,-45.01,-45.01
2010-06-15,30.73,34.75,226.84,271.52,226.84,271.52,226.84,271.52,-4.02,-44.68,-44.68,-44.68
2010-06-21,31.15,35.23,230.04,277.78,230.04,277.78,230.04,277.78,-4.08,-47.74,-47.74,-47.74
2010-06-22,30.95,34.99,228.47,275.61,228.47,275.61,228.47,275.61,-4.04,-47.14,-47.14,-47.14
2010-06-28,31.18,35.25,230.11,277.98,230.11,277.98,230.11,277.98,-4.07,-47.87,-47.87,-47.87
2010-07-02,29.66,33.55,219.01,264.16,219.01,264.16,219.01,264.16,-3.89,-45.15,-45.15,-45.15
2010-07-07,29.1,32.9,214.62,259.32,214.62,259.32,214.62,259.32,-3.8,-44.7,-44.7,-44.7
2010-07-12,29.51,33.37,217.59,263.29,217.59,263.29,217.59,263.29,-3.86,-45.7,-45.7,-45.7
2010-07-13,29.28,33.11,216.08,260.86,216.08,260.86,216.08,260.86,-3.83,-44.78,-44.78,-44.78
2010-07-16,28.73,32.49,212.14,255.9,212.14,255.9,212.14,255.9,-3.76,-43.76,-43.76,-43.76
2010-07-19,28.24,31.94,208.39,251.81,208.39,251.81,208.39,251.81,-3.7,-43.42,-43.42,-43.42
2010-07-20,28.06,31.73,206.75,250.05,206.75,250.05,206.75,250.05,-3.67,-43.3,-43.3,-43.3
2010-07-21,28.25,31.95,209.74,252.62,209.74,252.62,209.74,252.62,-3.7,-42.88,-42.88,-42.88
2010-07-22,28.54,32.28,210.67,254.67,210.67,254.67,210.67,254.67,-3.74,-44,-44,-44
2010-07-27,28.04,31.71,207.08,249.53,207.08,249.53,207.08,249.53,-3.67,-42.45,-42.45,-42.45
2010-07-28,27.53,31.14,203.29,245.51,203.29,245.51,203.29,245.51,-3.61,-42.22,-42.22,-42.22
2010-08-02,27.82,31.46,205.04,247.99,205.04,247.99,205.04,247.99,-3.64,-42.95,-42.95,-42.95
2010-08-03,27.58,31.2,203.55,246.19,203.55,246.19,203.55,246.19,-3.62,-42.64,-42.64,-42.64
2010-08-05,27.91,31.56,206.17,249.03,206.17,249.03,206.17,249.03,-3.65,-42.86,-42.86,-42.86
2010-08-11,28.2,31.89,208.31,251.39,208.31,251.39,208.31,251.39,-3.69,-43.08,-43.08,-43.08
2010-08-12,28.62,32.38,211.28,255.08,211.28,255.08,211.28,255.08,-3.76,-43.8,-43.8,-43.8
2010-08-13,29.07,32.87,214.76,258.83,214.76,258.83,214.76,258.83,-3.8,-44.07,-44.07,-44.07
2010-08-16,29.29,33.13,216.58,260.92,216.58,260.92,216.58,260.92,-3.84,-44.34,-44.34,-44.34
2010-08-19,29.52,33.38,217.96,263.17,217.96,263.17,217.96,263.17,-3.86,-45.21,-45.21,-45.21
2010-08-23,29.71,33.6,219.33,264.82,219.33,264.82,219.33,264.82,-3.89,-45.49,-45.49,-45.49
2010-08-25,29.94,33.85,221.39,267.2,221.39,267.2,221.39,267.2,-3.91,-45.81,-45.81,-45.81
2010-09-01,30.2,34.14,222.77,269.36,222.77,269.36,222.77,269.36,-3.94,-46.59,-46.59,-46.59
2010-09-02,29.97,33.88,221.16,267.41,221.16,267.41,221.16,267.41,-3.91,-46.25,-46.25,-46.25
2010-09-06,29.79,33.7,219.45,265.35,219.45,265.35,219.45,265.35,-3.91,-45.9,-45.9,-45.9
2010-09-07,30.02,33.94,221.92,267.39,221.92,267.39,221.92,267.39,-3.92,-45.47,-45.47,-45.47
2010-09-08,30.43,34.41,225.03,270.91,225.03,270.91,225.03,270.91,-3.98,-45.88,-45.88,-45.88
2010-09-10,30.23,34.19,223.19,269.86,223.19,269.86,223.19,269.86,-3.96,-46.67,-46.67,-46.67
2010-09-13,29.92,33.83,221.12,266.54,221.12,266.54,221.12,266.54,-3.91,-45.42,-45.42,-45.42
2010-09-15,30.13,34.06,222.79,268.72,222.79,268.72,222.79,268.72,-3.93,-45.93,-45.93,-45.93
2010-09-17,29.91,33.82,220.86,266.29,220.86,266.29,220.86,266.29,-3.91,-45.43,-45.43,-45.43
2010-09-20,30.14,34.06,222.51,268.17,222.51,268.17,222.51,268.17,-3.92,-45.66,-45.66,-45.66
2010-09-22,29.79,33.69,220.33,265.33,220.33,265.33,220.33,265.33,-3.9,-45,-45,-45
2010-09-23,29.64,33.52,218.65,264.11,218.65,264.11,218.65,264.11,-3.88,-45.46,-45.46,-45.46
2010-09-24,29.85,33.75,220.35,266.05,220.35,266.05,220.35,266.05,-3.9,-45.7,-45.7,-45.7
2010-09-27,29.61,33.48,218.88,264.16,218.88,264.16,218.88,264.16,-3.87,-45.28,-45.28,-45.28
2010-10-04,29.44,33.29,217.06,262.34,217.06,262.34,217.06,262.34,-3.85,-45.28,-45.28,-45.28
2010-10-05,29.62,33.49,218.34,263.88,218.34,263.88,218.34,263.88,-3.87,-45.54,-45.54,-45.54
2010-10-06,29.95,33.86,220.87,266.97,220.87,266.97,220.87,266.97,-3.91,-46.1,-46.1,-46.1
2010-10-08,29.42,33.27,216.98,262.58,216.98,262.58,216.98,262.58,-3.85,-45.6,-45.6,-45.6
2010-10-11,29.76,33.65,220.01,264.98,220.01,264.98,220.01,264.98,-3.89,-44.97,-44.97,-44.97
2010-10-14,30.13,34.06,222.77,268.45,222.77,268.45,222.77,268.45,-3.93,-45.68,-45.68,-45.68
2010-10-20,29.93,33.83,221.2,266.7,221.2,266.7,221.2,266.7,-3.9,-45.5,-45.5,-45.5
2010-10-21,29.64,33.53,218.93,263.97,218.93,263.97,218.93,263.97,-3.89,-45.04,-45.04,-45.04
2010-10-22,29.29,33.13,216.66,260.78,216.66,260.78,216.66,260.78,-3.84,-44.12,-44.12,-44.12
2010-10-26,29.48,33.33,217.53,262.39,217.53,262.39,217.53,262.39,-3.85,-44.86,-44.86,-44.86
2010-10-27,29.69,33.58,218.95,264.96,218.95,264.96,218.95,264.96,-3.89,-46.01,-46.01,-46.01
2010-11-01,29.96,33.87,221.32,267.11,221.32,267.11,221.32,267.11,-3.91,-45.79,-45.79,-45.79
2010-11-03,29.75,33.63,219.65,265.29,219.65,265.29,219.65,265.29,-3.88,-45.64,-45.64,-45.64
2010-11-04,29.51,33.38,217.92,263.21,217.92,263.21,217.92,263.21,-3.87,-45.29,-45.29,-45.29
2010-11-05,30.09,34.02,222.33,268.46,222.33,268.46,222.33,268.46,-3.93,-46.13,-46.13,-46.13
2010-11-08,30.63,34.64,226,272.89,226,272.89,226,272.89,-4.01,-46.89,-46.89,-46.89
2010-11-09,31.33,35.42,231.21,279.42,231.21,279.42,231.21,279.42,-4.09,-48.21,-48.21,-48.21
2010-11-15,30.68,34.68,226.43,273.25,226.43,273.25,226.43,273.25,-4,-46.82,-46.82,-46.82
2010-11-17,30.47,34.45,224.83,271.17,224.83,271.17,224.83,271.17,-3.98,-46.34,-46.34,-46.34
2010-11-23,30.75,34.76,227.07,274.13,227.07,274.13,227.07,274.13,-4.01,-47.06,-47.06,-47.06
2010-11-24,31.58,35.71,233.22,281.12,233.22,281.12,233.22,281.12,-4.13,-47.9,-47.9,-47.9
2010-11-30,32.37,36.6,239.15,288.37,239.15,288.37,239.15,288.37,-4.23,-49.22,-49.22,-49.22
2010-12-01,32.88,37.17,243.08,292.56,243.08,292.56,243.08,292.56,-4.29,-49.48,-49.48,-49.48
2010-12-02,32.63,36.89,241.29,290.41,241.29,290.41,241.29,290.41,-4.26,-49.12,-49.12,-49.12
2010-12-03,32.36,36.59,238.68,288.17,238.68,288.17,238.68,288.17,-4.23,-49.49,-49.49,-49.49
2010-12-06,32.55,36.8,240.81,290.1,240.81,290.1,240.81,290.1,-4.25,-49.29,-49.29,-49.29
2010-12-07,32.75,37.03,241.64,291.78,241.64,291.78,241.64,291.78,-4.28,-50.14,-50.14,-50.14
2010-12-08,32.4,36.64,239.53,289.08,239.53,289.08,239.53,289.08,-4.24,-49.55,-49.55,-49.55
2010-12-09,32.07,36.26,237.15,285.53,237.15,285.53,237.15,285.53,-4.19,-48.38,-48.38,-48.38
2010-12-10,32.28,36.49,238.13,287.51,238.13,287.51,238.13,287.51,-4.21,-49.38,-49.38,-49.38
2010-12-17,31.85,36,235.35,283.68,235.35,283.68,235.35,283.68,-4.15,-48.33,-48.33,-48.33
2010-12-20,32.35,36.58,238.99,288.64,238.99,288.64,238.99,288.64,-4.23,-49.65,-49.65,-49.65
2010-12-29,32.92,37.22,243.32,293.33,243.32,293.33,243.32,293.33,-4.3,-50.01,-50.01,-50.01
2010-12-31,32.56,36.81,240.18,290.34,240.18,290.34,240.18,290.34,-4.25,-50.16,-50.16,-50.16
2011-01-03,32.85,37.14,242.6,292.93,242.6,292.93,242.6,292.93,-4.29,-50.33,-50.33,-50.33
2011-01-04,32.64,36.9,240.87,290.96,240.87,290.96,240.87,290.96,-4.26,-50.09,-50.09,-50.09
2011-01-05,32.06,36.25,237.07,285.54,237.07,285.54,237.07,285.54,-4.19,-48.47,-48.47,-48.47
2011-01-07,32.43,36.66,239.19,289.32,239.19,289.32,239.19,289.32,-4.23,-50.13,-50.13,-50.13
2011-01-10,32.75,37.02,241.56,292.07,241.56,292.07,241.56,292.07,-4.27,-50.51,-50.51,-50.51
2011-01-13,32.53,36.78,240.1,289.99,240.1,289.99,240.1,289.99,-4.25,-49.89,-49.89,-49.89
2011-01-14,31.33,35.43,231.04,279.48,231.04,279.48,231.04,279.48,-4.1,-48.44,-48.44,-48.44
2011-01-18,31.53,35.66,232.57,281.44,232.57,281.44,232.57,281.44,-4.13,-48.87,-48.87,-48.87
2011-01-19,31.34,35.44,231.84,279.46,231.84,279.46,231.84,279.46,-4.1,-47.62,-47.62,-47.62
2011-01-21,30.71,34.71,226.84,273.38,226.84,273.38,226.84,273.38,-4,-46.54,-46.54,-46.54
2011-01-25,30.02,33.94,221.79,267.62,221.79,267.62,221.79,267.62,-3.92,-45.83,-45.83,-45.83
2011-01-28,29.41,33.25,217.12,262.51,217.12,262.51,217.12,262.51,-3.84,-45.39,-45.39,-45.39
2011-01-31,30.16,34.09,222.38,268.32,222.38,268.32,222.38,268.32,-3.93,-45.94,-45.94,-45.94
2011-02-02,29.77,33.66,220.15,265.44,220.15,265.44,220.15,265.44,-3.89,-45.29,-45.29,-45.29
2011-02-04,30.47,34.45,224.9,271.72,224.9,271.72,224.9,271.72,-3.98,-46.82,-46.82,-46.82
2011-02-09,30.72,34.74,226.87,273.78,226.87,273.78,226.87,273.78,-4.02,-46.91,-46.91,-46.91
2011-02-10,30.56,34.56,225.4,272.12,225.4,272.12,225.4,272.12,-4,-46.72,-46.72,-46.72
2011-02-11,30.9,34.94,228.37,275.59,228.37,275.59,228.37,275.59,-4.04,-47.22,-47.22,-47.22
2011-02-16,31.23,35.31,230.37,278.57,230.37,278.57,230.37,278.57,-4.08,-48.2,-48.2,-48.2
2011-02-22,31.71,35.85,234.41,282.71,234.41,282.71,234.41,282.71,-4.14,-48.3,-48.3,-48.3
2011-02-24,31.45,35.57,232.02,280.5,232.02,280.5,232.02,280.5,-4.12,-48.48,-48.48,-48.48
2011-02-25,31.31,35.41,231.25,278.81,231.25,278.81,231.25,278.81,-4.1,-47.56,-47.56,-47.56
2011-02-28,31.59,35.72,233.58,281.4,233.58,281.4,233.58,281.4,-4.13,-47.82,-47.82,-47.82
2011-03-02,31.97,36.14,235.86,284.61,235.86,284.61,235.86,284.61,-4.17,-48.75,-48.75,-48.75
2011-03-03,31.57,35.7,233.15,281.44,233.15,281.44,233.15,281.44,-4.13,-48.29,-48.29,-48.29
2011-03-04,31.23,35.31,230.93,278.13,230.93,278.13,230.93,278.13,-4.08,-47.2,-47.2,-47.2
2011-03-08,31.44,35.56,232.02,279.98,232.02,279.98,232.02,279.98,-4.12,-47.96,-47.96,-47.96
2011-03-10,31.69,35.84,233.82,282.16,233.82,282.16,233.82,282.16,-4.15,-48.34,-48.34,-48.34
2011-03-11,31.42,35.52,231.85,280.18,231.85,280.18,231.85,280.18,-4.1,-48.33,-48.33,-48.33
2011-03-15,31.23,35.31,230.81,278.07,230.81,278.07,230.81,278.07,-4.08,-47.26,-47.26,-47.26
2011-03-16,30.74,34.75,227.15,274.07,227.15,274.07,227.15,274.07,-4.01,-46.92,-46.92,-46.92
2011-03-21,30.97,35.01,228.89,276.21,228.89,276.21,228.89,276.21,-4.04,-47.32,-47.32,-47.32
2011-03-24,31.39,35.49,231.69,280.14,231.69,280.14,231.69,280.14,-4.1,-48.45,-48.45,-48.45
2011-03-28,31.18,35.24,230.06,277.72,230.06,277.72,230.06,277.72,-4.06,-47.66,-47.66,-47.66
2011-03-29,30.97,35.01,228.66,276.14,228.66,276.14,228.66,276.14,-4.04,-47.48,-47.48,-47.48
2011-04-06,31.36,35.46,231.65,279.68,231.65,279.68,231.65,279.68,-4.1,-48.03,-48.03,-48.03
2011-04-12,31.09,35.15,229.31,276.86,229.31,276.86,229.31,276.86,-4.06,-47.55,-47.55,-47.55
2011-04-15,31.32,35.42,231.69,279.25,231.69,279.25,231.69,279.25,-4.1,-47.56,-47.56,-47.56
2011-04-18,31.8,35.96,234.61,283.29,234.61,283.29,234.61,283.29,-4.16,-48.68,-48.68,-48.68
2011-04-19,32.17,36.39,237.8,287.04,237.8,287.04,237.8,287.04,-4.22,-49.24,-49.24,-49.24
2011-04-20,32.05,36.23,236.45,285.21,236.45,285.21,236.45,285.21,-4.18,-48.76,-48.76,-48.76
2011-04-21,31.78,35.94,234.88,283.13,234.88,283.13,234.88,283.13,-4.16,-48.25,-48.25,-48.25
2011-04-27,31.58,35.71,233.56,281.46,233.56,281.46,233.56,281.46,-4.13,-47.9,-47.9,-47.9
2011-04-29,31.8,35.96,234.73,283.81,234.73,283.81,234.73,283.81,-4.16,-49.08,-49.08,-49.08
2011-05-02,32.19,36.42,238.01,286.67,238.01,286.67,238.01,286.67,-4.23,-48.66,-48.66,-48.66
2011-05-04,31.84,36,235.15,283.61,235.15,283.61,235.15,283.61,-4.16,-48.46,-48.46,-48.46
2011-05-05,31.48,35.6,232.25,280.4,232.25,280.4,232.25,280.4,-4.12,-48.15,-48.15,-48.15
2011-05-09,32.13,36.32,236.96,286.46,236.96,286.46,236.96,286.46,-4.19,-49.5,-49.5,-49.5
2011-05-10,32.41,36.66,239.52,288.62,239.52,288.62,239.52,288.62,-4.25,-49.1,-49.1,-49.1
2011-05-18,32.16,36.36,237.65,286.77,237.65,286.77,237.65,286.77,-4.2,-49.12,-49.12,-49.12
2011-05-23,32.99,37.3,243.77,293.73,243.77,293.73,243.77,293.73,-4.31,-49.96,-49.96,-49.96
2011-05-24,33.17,37.51,245.34,295.42,245.34,295.42,245.34,295.42,-4.34,-50.08,-50.08,-50.08
2011-05-25,33.35,37.71,246.27,297.19,246.27,297.19,246.27,297.19,-4.36,-50.92,-50.92,-50.92
2011-05-26,33.05,37.37,244.19,294.68,244.19,294.68,244.19,294.68,-4.32,-50.49,-50.49,-50.49
2011-05-27,32.91,37.21,242.93,293.17,242.93,293.17,242.93,293.17,-4.3,-50.24,-50.24,-50.24
2011-05-30,33.09,37.41,244.65,294.94,244.65,294.94,244.65,294.94,-4.32,-50.29,-50.29,-50.29
2011-05-31,32.86,37.15,242.7,292.59,242.7,292.59,242.7,292.59,-4.29,-49.89,-49.89,-49.89
2011-06-01,32.6,36.86,241.15,290.82,241.15,290.82,241.15,290.82,-4.26,-49.67,-49.67,-49.67
2011-06-02,32.96,37.26,243.63,293.62,243.63,293.62,243.63,293.62,-4.3,-49.99,-49.99,-49.99
2011-06-03,32.49,36.74,240.35,289.86,240.35,289.86,240.35,289.86,-4.25,-49.51,-49.51,-49.51
2011-06-08,32.31,36.54,238.73,287.73,238.73,287.73,238.73,287.73,-4.23,-49,-49,-49
2011-06-10,32.73,37,241.66,291.97,241.66,291.97,241.66,291.97,-4.27,-50.31,-50.31,-50.31
2011-06-14,32.36,36.63,239.14,288.69,239.14,288.69,239.14,288.69,-4.27,-49.55,-49.55,-49.55
2011-06-16,33.2,37.54,245.61,296.29,245.61,296.29,245.61,296.29,-4.34,-50.68,-50.68,-50.68
2011-06-21,33.06,37.37,244.04,294.85,244.04,294.85,244.04,294.85,-4.31,-50.81,-50.81,-50.81
2011-06-24,32.84,37.13,242.67,292.86,242.67,292.86,242.67,292.86,-4.29,-50.19,-50.19,-50.19
2011-06-27,32.68,36.95,241.56,291.27,241.56,291.27,241.56,291.27,-4.27,-49.71,-49.71,-49.71
2011-06-28,32.25,36.47,238.33,287.48,238.33,287.48,238.33,287.48,-4.22,-49.15,-49.15,-49.15
2011-06-30,32.07,36.26,237.11,285.63,237.11,285.63,237.11,285.63,-4.19,-48.52,-48.52,-48.52
2011-07-01,31.8,35.95,235.02,283.4,235.02,283.4,235.02,283.4,-4.15,-48.38,-48.38,-48.38
2011-07-04,31.55,35.68,232.97,281.13,232.97,281.13,232.97,281.13,-4.13,-48.16,-48.16,-48.16
2011-07-05,31.76,35.91,234.34,282.78,234.34,282.78,234.34,282.78,-4.15,-48.44,-48.44,-48.44
2011-07-06,32.24,36.46,238.13,287.58,238.13,287.58,238.13,287.58,-4.22,-49.45,-49.45,-49.45
2011-07-07,32.9,37.19,243.16,293.25,243.16,293.25,243.16,293.25,-4.29,-50.09,-50.09,-50.09
2011-07-11,33.5,37.88,247.43,298.83,247.43,298.83,247.43,298.83,-4.38,-51.4,-51.4,-51.4
2011-07-12,34.17,38.64,252.26,304.55,252.26,304.55,252.26,304.55,-4.47,-52.29,-52.29,-52.29
2011-07-13,34.39,38.88,253.76,306.81,253.76,306.81,253.76,306.81,-4.49,-53.05,-53.05,-53.05
2011-07-14,34.23,38.7,253.12,304.79,253.12,304.79,253.12,304.79,-4.47,-51.67,-51.67,-51.67
2011-07-15,34.36,38.84,253.9,306.48,253.9,306.48,253.9,306.48,-4.48,-52.58,-52.58,-52.58
2011-07-18,34.87,39.41,257.74,310.8,257.74,310.8,257.74,310.8,-4.54,-53.06,-53.06,-53.06
2011-07-20,34.57,39.08,255.7,308.45,255.7,308.45,255.7,308.45,-4.51,-52.75,-52.75,-52.75
2011-07-22,33.95,38.38,250.74,302.57,250.74,302.57,250.74,302.57,-4.43,-51.83,-51.83,-51.83
2011-07-25,34.54,39.05,255.17,308.05,255.17,308.05,255.17,308.05,-4.51,-52.88,-52.88,-52.88
2011-07-26,34.32,38.79,253.44,305.96,253.44,305.96,253.44,305.96,-4.47,-52.52,-52.52,-52.52
2011-07-28,34.58,39.09,255.41,308.34,255.41,308.34,255.41,308.34,-4.51,-52.93,-52.93,-52.93
2011-08-02,34.99,39.56,258.74,312.15,258.74,312.15,258.74,312.15,-4.57,-53.41,-53.41,-53.41
2011-08-03,35.87,40.55,265.06,319.71,265.06,319.71,265.06,319.71,-4.68,-54.65,-54.65,-54.65
2011-08-05,36.14,40.85,266.85,321.87,266.85,321.87,266.85,321.87,-4.71,-55.02,-55.02,-55.02
2011-08-08,36.58,41.35,269.87,326,269.87,326,269.87,326,-4.77,-56.13,-56.13,-56.13
2011-08-09,37.97,42.91,280.64,338.43,280.64,338.43,280.64,338.43,-4.94,-57.79,-57.79,-57.79
2011-08-10,37.59,42.5,277.82,335.13,277.82,335.13,277.82,335.13,-4.91,-57.31,-57.31,-57.31
2011-08-11,38.74,43.79,286.3,345.19,286.3,345.19,286.3,345.19,-5.05,-58.89,-58.89,-58.89
2011-08-12,38.2,43.19,282.21,340.22,282.21,340.22,282.21,340.22,-4.99,-58.01,-58.01,-58.01
2011-08-16,37.67,42.58,278.45,335.59,278.45,335.59,278.45,335.59,-4.91,-57.14,-57.14,-57.14
2011-08-17,38.1,43.07,281.37,339.45,281.37,339.45,281.37,339.45,-4.97,-58.08,-58.08,-58.08
2011-08-19,39.61,44.77,292.25,352.74,292.25,352.74,292.25,352.74,-5.16,-60.49,-60.49,-60.49
2011-08-24,39.39,44.52,290.8,350.9,290.8,350.9,290.8,350.9,-5.13,-60.1,-60.1,-60.1
2011-08-25,37.02,41.85,273.9,330.07,273.9,330.07,273.9,330.07,-4.83,-56.17,-56.17,-56.17
2011-08-26,37.87,42.81,279.86,337.82,279.86,337.82,279.86,337.82,-4.94,-57.96,-57.96,-57.96
2011-08-29,38.64,43.7,285.69,344.51,285.69,344.51,285.69,344.51,-5.06,-58.82,-58.82,-58.82
2011-08-30,37.96,42.91,280.58,338.3,280.58,338.3,280.58,338.3,-4.95,-57.72,-57.72,-57.72
2011-08-31,39.06,44.14,288.32,348.2,288.32,348.2,288.32,348.2,-5.08,-59.88,-59.88,-59.88
2011-09-08,40.04,45.25,295.96,356.67,295.96,356.67,295.96,356.67,-5.21,-60.71,-60.71,-60.71
2011-09-16,39.6,44.77,292.56,353.13,292.56,353.13,292.56,353.13,-5.17,-60.57,-60.57,-60.57
2011-09-23,39.52,44.68,291.96,352.57,291.96,352.57,291.96,352.57,-5.16,-60.61,-60.61,-60.61
2011-09-26,36.97,41.82,273.03,329.47,273.03,329.47,273.03,329.47,-4.85,-56.44,-56.44,-56.44
2011-09-27,37.75,42.68,278.64,336.07,278.64,336.07,278.64,336.07,-4.93,-57.43,-57.43,-57.43
2011-09-28,37.2,42.06,274.85,331.14,274.85,331.14,274.85,331.14,-4.86,-56.29,-56.29,-56.29
2011-09-29,36.53,41.3,269.91,325.71,269.91,325.71,269.91,325.71,-4.77,-55.8,-55.8,-55.8
2011-09-30,36.87,41.69,272.31,328.5,272.31,328.5,272.31,328.5,-4.82,-56.19,-56.19,-56.19
2011-10-03,38.06,43.02,280.93,339.03,280.93,339.03,280.93,339.03,-4.96,-58.1,-58.1,-58.1
2011-10-04,38.78,43.84,286.8,345.69,286.8,345.69,286.8,345.69,-5.06,-58.89,-58.89,-58.89
2011-10-05,36.99,41.81,273.5,329.67,273.5,329.67,273.5,329.67,-4.82,-56.17,-56.17,-56.17
2011-10-06,37.94,42.89,280.38,338.47,280.38,338.47,280.38,338.47,-4.95,-58.09,-58.09,-58.09
2011-10-10,37.7,42.62,278.73,335.5,278.73,335.5,278.73,335.5,-4.92,-56.77,-56.77,-56.77
2011-10-11,37.54,42.44,277.53,334.62,277.53,334.62,277.53,334.62,-4.9,-57.09,-57.09,-57.09
2011-10-13,37.33,42.19,275.85,332.3,275.85,332.3,275.85,332.3,-4.86,-56.45,-56.45,-56.45
2011-10-19,36.95,41.76,272.59,328.78,272.59,328.78,272.59,328.78,-4.81,-56.19,-56.19,-56.19
2011-10-20,36.19,40.92,267.89,322.62,267.89,322.62,267.89,322.62,-4.73,-54.73,-54.73,-54.73
2011-10-24,36.49,41.27,269.95,325.7,269.95,325.7,269.95,325.7,-4.78,-55.75,-55.75,-55.75
2011-10-26,37.87,42.8,279.85,337.72,279.85,337.72,279.85,337.72,-4.93,-57.87,-57.87,-57.87
2011-10-27,37.51,42.41,276.84,334.3,276.84,334.3,276.84,334.3,-4.9,-57.46,-57.46,-57.46
2011-11-01,38.25,43.23,282.64,340.99,282.64,340.99,282.64,340.99,-4.98,-58.35,-58.35,-58.35
2011-11-02,38.63,43.69,285.18,343.95,285.18,343.95,285.18,343.95,-5.06,-58.77,-58.77,-58.77
2011-11-03,38.88,43.95,286.97,346.65,286.97,346.65,286.97,346.65,-5.07,-59.68,-59.68,-59.68
2011-11-04,39.22,44.34,289.79,349.35,289.79,349.35,289.79,349.35,-5.12,-59.56,-59.56,-59.56
2011-11-07,39.56,44.72,292.34,352.2,292.34,352.2,292.34,352.2,-5.16,-59.86,-59.86,-59.86
2011-11-18,39.33,44.46,290.53,350.39,290.53,350.39,290.53,350.39,-5.13,-59.86,-59.86,-59.86
2011-11-21,38.91,43.99,287.31,347.02,287.31,347.02,287.31,347.02,-5.08,-59.71,-59.71,-59.71
2011-11-22,38.35,43.38,283.61,342.21,283.61,342.21,283.61,342.21,-5.03,-58.6,-58.6,-58.6
2011-11-23,38.97,44.06,287.89,346.84,287.89,346.84,287.89,346.84,-5.09,-58.95,-58.95,-58.95
2011-11-28,39.42,44.57,291.29,351.72,291.29,351.72,291.29,351.72,-5.15,-60.43,-60.43,-60.43
2011-11-30,39.75,44.92,293.85,354.38,293.85,354.38,293.85,354.38,-5.17,-60.53,-60.53,-60.53
2011-12-06,39.41,44.57,291.34,351.57,291.34,351.57,291.34,351.57,-5.16,-60.23,-60.23,-60.23
2011-12-09,39.48,44.63,291.65,352.04,291.65,352.04,291.65,352.04,-5.15,-60.39,-60.39,-60.39
2011-12-12,38.99,44.08,288.29,347.64,288.29,347.64,288.29,347.64,-5.09,-59.35,-59.35,-59.35
2011-12-13,38.54,43.59,284.84,343.64,284.84,343.64,284.84,343.64,-5.05,-58.8,-58.8,-58.8
2011-12-15,37.5,42.39,277.1,334.43,277.1,334.43,277.1,334.43,-4.89,-57.33,-57.33,-57.33
2011-12-20,37.75,42.67,278.9,336.28,278.9,336.28,278.9,336.28,-4.92,-57.38,-57.38,-57.38
2011-12-21,38.12,43.08,281.28,339.3,281.28,339.3,281.28,339.3,-4.96,-58.02,-58.02,-58.02
2011-12-22,37.84,42.77,279.69,337.01,279.69,337.01,279.69,337.01,-4.93,-57.32,-57.32,-57.32
2011-12-27,37.53,42.43,277.58,334.68,277.58,334.68,277.58,334.68,-4.9,-57.1,-57.1,-57.1
2011-12-28,37.28,42.14,275.33,332.3,275.33,332.3,275.33,332.3,-4.86,-56.97,-56.97,-56.97
2011-12-29,36.63,41.4,270.6,326.18,270.6,326.18,270.6,326.18,-4.77,-55.58,-55.58,-55.58
2011-12-30,37.34,42.21,275.86,332.45,275.86,332.45,275.86,332.45,-4.87,-56.59,-56.59,-56.59
2012-01-03,37.64,42.56,278.07,335.49,278.07,335.49,278.07,335.49,-4.92,-57.42,-57.42,-57.42
2012-01-04,37.93,42.87,280.49,337.86,280.49,337.86,280.49,337.86,-4.94,-57.37,-57.37,-57.37
2012-01-05,38.54,43.58,284.87,343.74,284.87,343.74,284.87,343.74,-5.04,-58.87,-58.87,-58.87
2012-01-09,38.98,44.07,287.84,347.53,287.84,347.53,287.84,347.53,-5.09,-59.69,-59.69,-59.69
2012-01-10,39.27,44.4,290.06,349.65,290.06,349.65,290.06,349.65,-5.13,-59.59,-59.59,-59.59
2012-01-11,39.49,44.65,291.75,351.59,291.75,351.59,291.75,351.59,-5.16,-59.84,-59.84,-59.84
2012-01-13,39.38,44.53,291.21,350.72,291.21,350.72,291.21,350.72,-5.15,-59.51,-59.51,-59.51
2012-01-16,39.91,45.14,295.04,355.43,295.04,355.43,295.04,355.43,-5.23,-60.39,-60.39,-60.39
2012-01-20,39.26,44.41,289.84,349.67,289.84,349.67,289.84,349.67,-5.15,-59.83,-59.83,-59.83
2012-01-24,39.58,44.74,292.63,352.49,292.63,352.49,292.63,352.49,-5.16,-59.86,-59.86,-59.86
2012-01-25,39.36,44.49,290.77,350.46,290.77,350.46,290.77,350.46,-5.13,-59.69,-59.69,-59.69
2012-01-26,40.07,45.29,296.13,356.65,296.13,356.65,296.13,356.65,-5.22,-60.52,-60.52,-60.52
2012-02-09,40.15,45.39,296.65,357.44,296.65,357.44,296.65,357.44,-5.24,-60.79,-60.79,-60.79
2012-03-01,39.65,44.81,292.61,353,292.61,353,292.61,353,-5.16,-60.39,-60.39,-60.39
2012-03-05,39.56,44.71,292.14,352.16,292.14,352.16,292.14,352.16,-5.15,-60.02,-60.02,-60.02
2012-03-07,39.2,44.33,289.66,349.71,289.66,349.71,289.66,349.71,-5.13,-60.05,-60.05,-60.05
2012-03-12,40.06,45.27,296.22,356.87,296.22,356.87,296.22,356.87,-5.21,-60.65,-60.65,-60.65
2012-03-14,39.04,44.12,288.63,348.1,288.63,348.1,288.63,348.1,-5.08,-59.47,-59.47,-59.47
2012-03-15,38.78,43.84,286.31,345.74,286.31,345.74,286.31,345.74,-5.06,-59.43,-59.43,-59.43
2012-03-16,39.04,44.13,288.02,348.16,288.02,348.16,288.02,348.16,-5.09,-60.14,-60.14,-60.14
2012-03-19,38.84,43.89,286.9,345.91,286.9,345.91,286.9,345.91,-5.05,-59.01,-59.01,-59.01
2012-03-20,38.47,43.49,284.03,342.67,284.03,342.67,284.03,342.67,-5.02,-58.64,-58.64,-58.64
2012-03-21,38.24,43.23,282.46,340.88,282.46,340.88,282.46,340.88,-4.99,-58.42,-58.42,-58.42
2012-03-26,38.56,43.6,284.98,343.59,284.98,343.59,284.98,343.59,-5.04,-58.61,-58.61,-58.61
2012-03-27,38.9,43.96,287.36,346.62,287.36,346.62,287.36,346.62,-5.06,-59.26,-59.26,-59.26
2012-03-29,38.31,43.31,282.8,341.08,282.8,341.08,282.8,341.08,-5,-58.28,-58.28,-58.28
2012-04-02,38.45,43.47,283.95,343.04,283.95,343.04,283.95,343.04,-5.02,-59.09,-59.09,-59.09
2012-04-03,38.7,43.75,286.18,344.63,286.18,344.63,286.18,344.63,-5.05,-58.45,-58.45,-58.45
2012-04-04,38.31,43.3,283.21,341.09,283.21,341.09,283.21,341.09,-4.99,-57.88,-57.88,-57.88
2012-04-05,37.95,42.89,280.34,338.17,280.34,338.17,280.34,338.17,-4.94,-57.83,-57.83,-57.83
2012-04-06,38.37,43.38,283.03,341.3,283.03,341.3,283.03,341.3,-5.01,-58.27,-58.27,-58.27
2012-04-09,38.65,43.7,285.3,344.52,285.3,344.52,285.3,344.52,-5.05,-59.22,-59.22,-59.22
2012-04-11,38.91,43.98,287.77,347.07,287.77,347.07,287.77,347.07,-5.07,-59.3,-59.3,-59.3
2012-04-17,38.64,43.68,285.85,344.16,285.85,344.16,285.85,344.16,-5.04,-58.31,-58.31,-58.31
2012-04-19,38.4,43.42,283.49,342.45,283.49,342.45,283.49,342.45,-5.02,-58.96,-58.96,-58.96
2012-04-30,38.63,43.67,285.06,344.49,285.06,344.49,285.06,344.49,-5.04,-59.43,-59.43,-59.43
2012-05-04,38.23,43.21,282.03,340.79,282.03,340.79,282.03,340.79,-4.98,-58.76,-58.76,-58.76
2012-05-07,38.73,43.78,286.51,346.09,286.51,346.09,286.51,346.09,-5.05,-59.58,-59.58,-59.58
2012-05-08,38.62,43.66,285.3,343.82,285.3,343.82,285.3,343.82,-5.04,-58.52,-58.52,-58.52
2012-05-09,37.72,42.63,278.31,335.77,278.31,335.77,278.31,335.77,-4.91,-57.46,-57.46,-57.46
2012-05-14,37.36,42.22,275.91,332.73,275.91,332.73,275.91,332.73,-4.86,-56.82,-56.82,-56.82
2012-05-15,37.15,42,274.58,330.96,274.58,330.96,274.58,330.96,-4.85,-56.38,-56.38,-56.38
2012-05-17,37.35,42.23,276.34,332.75,276.34,332.75,276.34,332.75,-4.88,-56.41,-56.41,-56.41
2012-05-18,38.2,43.19,281.96,340.62,281.96,340.62,281.96,340.62,-4.99,-58.66,-58.66,-58.66
2012-05-21,38.43,43.43,283.7,342.06,283.7,342.06,283.7,342.06,-5,-58.36,-58.36,-58.36
2012-05-22,38.03,42.98,280.53,338.67,280.53,338.67,280.53,338.67,-4.95,-58.14,-58.14,-58.14
2012-05-28,38.53,43.55,284.34,343.38,284.34,343.38,284.34,343.38,-5.02,-59.04,-59.04,-59.04
2012-05-30,38.16,43.15,281.57,339.99,281.57,339.99,281.57,339.99,-4.99,-58.42,-58.42,-58.42
2012-05-31,38.77,43.83,286.63,345.64,286.63,345.64,286.63,345.64,-5.06,-59.01,-59.01,-59.01
2012-06-05,39.76,44.94,293.61,354.27,293.61,354.27,293.61,354.27,-5.18,-60.66,-60.66,-60.66
2012-06-07,39.71,44.89,293.58,354.12,293.58,354.12,293.58,354.12,-5.18,-60.54,-60.54,-60.54
2012-06-08,38.6,43.63,285.03,343.48,285.03,343.48,285.03,343.48,-5.03,-58.45,-58.45,-58.45
2012-06-08,38.97,44.04,287.66,347.27,287.66,347.27,287.66,347.27,-5.07,-59.61,-59.61,-59.61
2012-06-12,39.15,44.26,289.58,349.24,289.58,349.24,289.58,349.24,-5.11,-59.66,-59.66,-59.66
2012-06-13,39.63,44.79,292.95,352.85,292.95,352.85,292.95,352.85,-5.16,-59.9,-59.9,-59.9
2012-06-18,39.26,44.38,290.16,350,290.16,350,290.16,350,-5.12,-59.84,-59.84,-59.84
2012-06-19,39.71,44.88,293.21,353.56,293.21,353.56,293.21,353.56,-5.17,-60.35,-60.35,-60.35
2012-06-20,39.31,44.45,290.24,350.2,290.24,350.2,290.24,350.2,-5.14,-59.96,-59.96,-59.96
2012-06-21,38.91,43.97,287.2,346.99,287.2,346.99,287.2,346.99,-5.06,-59.79,-59.79,-59.79
2012-06-22,38.35,43.36,283.56,341.83,283.56,341.83,283.56,341.83,-5.01,-58.27,-58.27,-58.27
2012-06-25,38.56,43.6,284.73,343.96,284.73,343.96,284.73,343.96,-5.04,-59.23,-59.23,-59.23
2012-06-26,38.93,44.01,287.94,346.66,287.94,346.66,287.94,346.66,-5.08,-58.72,-58.72,-58.72
2012-06-27,38.67,43.73,285.61,345.02,285.61,345.02,285.61,345.02,-5.06,-59.41,-59.41,-59.41
2012-06-29,38.2,43.19,282.28,340.4,282.28,340.4,282.28,340.4,-4.99,-58.12,-58.12,-58.12
2012-07-02,38.8,43.86,286.67,345.73,286.67,345.73,286.67,345.73,-5.06,-59.06,-59.06,-59.06
2012-07-03,39.12,44.22,288.89,349.03,288.89,349.03,288.89,349.03,-5.1,-60.14,-60.14,-60.14
2012-07-04,39.47,44.63,291.43,351.75,291.43,351.75,291.43,351.75,-5.16,-60.32,-60.32,-60.32
2012-07-05,39.66,44.83,292.84,353.44,292.84,353.44,292.84,353.44,-5.17,-60.6,-60.6,-60.6
2012-07-09,39.57,44.74,292.15,352.68,292.15,352.68,292.15,352.68,-5.17,-60.53,-60.53,-60.53
2012-07-18,39.57,44.72,292.23,352.78,292.23,352.78,292.23,352.78,-5.15,-60.55,-60.55,-60.55
2012-07-23,40.08,45.3,296.32,356.84,296.32,356.84,296.32,356.84,-5.22,-60.52,-60.52,-60.52
2012-07-26,40.67,45.96,300.49,359.45,300.49,359.45,300.49,359.45,-5.29,-58.96,-58.96,-58.96
2012-07-27,40.44,45.71,298.54,356.9,298.54,356.9,298.54,356.9,-5.27,-58.36,-58.36,-58.36
2012-07-30,40.57,45.87,299.34,358.61,299.34,358.61,299.34,358.61,-5.3,-59.27,-59.27,-59.27
2012-08-01,40.61,45.91,298.48,356.83,298.48,356.83,298.48,356.83,-5.3,-58.35,-58.35,-58.35
2012-08-02,40.18,45.43,297.03,354.57,297.03,354.57,297.03,354.57,-5.25,-57.54,-57.54,-57.54
2012-08-06,39.89,45.08,294.42,352.2,294.42,352.2,294.42,352.2,-5.19,-57.78,-57.78,-57.78
2012-08-09,40.14,45.37,296.34,354.28,296.34,354.28,296.34,354.28,-5.23,-57.94,-57.94,-57.94
2012-08-14,40.11,45.34,296.06,357.44,296.06,357.44,296.06,354.05,-5.23,-61.38,-61.38,-57.99
2012-12-04,40.09,45.32,296.12,356.84,296.12,356.84,296.12,353.63,-5.23,-60.72,-60.72,-57.51
2012-12-06,39.79,44.97,293.79,354.37,293.79,354.37,293.79,351.15,-5.18,-60.58,-60.58,-57.36
2012-12-13,39.92,45.12,294.76,355.32,294.76,355.32,294.76,352.11,-5.2,-60.56,-60.56,-57.35
2012-12-17,39.53,44.68,292.32,352.49,292.32,352.49,292.32,349.3,-5.15,-60.17,-60.17,-56.98
2012-12-18,39.73,44.91,293.46,354.45,293.46,354.45,293.46,351.26,-5.18,-60.99,-60.99,-57.8
2012-12-19,38.88,43.94,287.34,346.12,287.34,346.12,287.34,342.96,-5.06,-58.78,-58.78,-55.62
2012-12-21,38.25,43.25,282.35,340.96,282.35,340.96,282.35,337.78,-5,-58.61,-58.61,-55.43
2012-12-24,38.71,43.76,285.81,344.7,285.81,344.7,285.81,341.52,-5.05,-58.89,-58.89,-55.71
2012-12-27,38.49,43.5,284.03,342.67,284.03,342.67,284.03,339.5,-5.01,-58.64,-58.64,-55.47
2012-12-28,38.73,43.78,286.4,345.31,286.4,345.31,286.4,342.13,-5.05,-58.91,-58.91,-55.73
2013-01-02,38.94,44.02,287.66,347.19,287.66,347.19,287.66,344.03,-5.08,-59.53,-59.53,-56.37
2013-01-03,39.48,44.63,292.03,351.45,292.03,351.45,292.03,349.06,-5.15,-59.42,-59.42,-57.03
2013-01-04,38.6,43.62,284.92,343.46,284.92,343.46,284.92,341.05,-5.02,-58.54,-58.54,-56.13
2013-01-07,39.17,44.28,289.77,349.36,289.77,349.36,289.77,346.14,-5.11,-59.59,-59.59,-56.37
2013-01-08,38.64,43.69,285.51,344.56,285.51,344.56,285.51,341.36,-5.05,-59.05,-59.05,-55.85
2013-01-09,39.04,44.12,288.74,348.12,288.74,348.12,288.74,344.91,-5.08,-59.38,-59.38,-56.17
2013-01-11,38.81,43.88,287,345.72,287,345.72,287,342.56,-5.07,-58.72,-58.72,-55.56
2013-01-14,38.28,43.28,282.81,340.87,282.81,340.87,282.81,337.74,-5,-58.06,-58.06,-54.93
2013-01-15,38.5,43.52,284.34,343.4,284.34,343.4,284.34,340.26,-5.02,-59.06,-59.06,-55.92
2013-01-16,38.98,44.06,287.93,347.41,287.93,347.41,287.93,344.25,-5.08,-59.48,-59.48,-56.32
2013-01-17,38.98,44.06,287.93,347.41,287.93,347.41,287.93,344.25,-5.08,-59.48,-59.48,-56.32
2013-01-18,38.98,44.06,287.93,347.41,287.93,347.41,287.93,344.25,-5.08,-59.48,-59.48,-56.32
2013-01-24,38.77,43.82,285.99,345.29,285.99,345.29,285.99,342.13,-5.05,-59.3,-59.3,-56.14
2013-01-25,38.42,43.42,284.04,342.26,284.04,342.26,284.04,339.12,-5,-58.22,-58.22,-55.08
2013-01-28,37.93,42.87,280.55,338.26,280.55,338.26,280.55,335.15,-4.94,-57.71,-57.71,-54.6
2013-02-01,37.52,42.41,277.27,334.32,277.27,334.32,277.27,331.24,-4.89,-57.05,-57.05,-53.97
2013-02-04,37.73,42.65,278.64,336.53,278.64,336.53,278.64,333.45,-4.92,-57.89,-57.89,-54.81
2013-02-05,38.21,43.2,282.3,340.83,282.3,340.83,282.3,337.72,-4.99,-58.53,-58.53,-55.42
2013-02-06,37.91,42.84,279.71,337.82,279.71,337.82,279.71,334.73,-4.93,-58.11,-58.11,-55.02
2013-02-07,38.22,43.2,282.19,340.6,282.19,340.6,282.19,337.5,-4.98,-58.41,-58.41,-55.31
2013-02-12,37.83,42.76,279.25,337.11,279.25,337.11,279.25,333.98,-4.93,-57.86,-57.86,-54.73
2013-02-15,37.6,42.51,277.66,334.73,277.66,334.73,277.66,332.37,-4.91,-57.07,-57.07,-54.71
2013-02-18,37.2,42.06,275.04,331.21,275.04,331.21,275.04,328.85,-4.86,-56.17,-56.17,-53.81
2013-02-21,36.56,41.34,269.92,326.2,269.92,326.2,269.92,323.02,-4.78,-56.28,-56.28,-53.1
2013-02-22,36.93,41.76,272.47,328.85,272.47,328.85,272.47,326.47,-4.83,-56.38,-56.38,-54
2013-02-26,37.53,42.42,277.21,334.34,277.21,334.34,277.21,331.13,-4.89,-57.13,-57.13,-53.92
2013-02-27,37.9,42.85,280.08,337.37,280.08,337.37,280.08,334.97,-4.95,-57.29,-57.29,-54.89
2013-02-28,37.34,42.2,275.85,332.6,275.85,332.6,275.85,330.21,-4.86,-56.75,-56.75,-54.36
2013-03-01,37.13,41.96,274.4,330.48,274.4,330.48,274.4,328.08,-4.83,-56.08,-56.08,-53.68
2013-03-07,37.49,42.39,277.02,334.34,277.02,334.34,277.02,331.11,-4.9,-57.32,-57.32,-54.09
2013-03-08,37.04,41.87,273.44,330.23,273.44,330.23,273.44,327.03,-4.83,-56.79,-56.79,-53.59
2013-03-11,37.4,42.28,276.09,333.32,276.09,333.32,276.09,330.1,-4.88,-57.23,-57.23,-54.01
2013-03-14,37.69,42.6,278.02,335.54,278.02,335.54,278.02,333.11,-4.91,-57.52,-57.52,-55.09
2013-03-19,38.12,43.11,281.23,339.78,281.23,339.78,281.23,336.54,-4.99,-58.55,-58.55,-55.31
2013-03-20,38.52,43.55,284.87,343.03,284.87,343.03,284.87,340.59,-5.03,-58.16,-58.16,-55.72
2013-03-21,38.21,43.19,281.89,340.47,281.89,340.47,281.89,337.23,-4.98,-58.58,-58.58,-55.34
2013-03-22,38.52,43.54,284.58,343.5,284.58,343.5,284.58,340.25,-5.02,-58.92,-58.92,-55.67
2013-03-26,38.26,43.25,282.7,340.75,282.7,340.75,282.7,337.49,-4.99,-58.05,-58.05,-54.79
2013-03-28,38.6,43.62,285.26,343.71,285.26,343.71,285.26,341.25,-5.02,-58.45,-58.45,-55.99
2013-03-29,38.28,43.31,283.04,341.26,283.04,341.26,283.04,337.99,-5.03,-58.22,-58.22,-54.95
2013-04-03,37.66,42.57,278.03,335.99,278.03,335.99,278.03,332.72,-4.91,-57.96,-57.96,-54.69
2013-04-04,37.04,41.86,273.46,330.21,273.46,330.21,273.46,326.95,-4.82,-56.75,-56.75,-53.49
2013-04-08,37.37,42.24,276.43,332.93,276.43,332.93,276.43,329.7,-4.87,-56.5,-56.5,-53.27
2013-04-09,37.13,41.97,274.34,330.52,274.34,330.52,274.34,328.11,-4.84,-56.18,-56.18,-53.77
2013-04-11,36.72,41.51,271.02,326.95,271.02,326.95,271.02,324.54,-4.79,-55.93,-55.93,-53.52
2013-04-15,33.32,37.68,246.06,296.41,246.06,296.41,246.06,294.01,-4.36,-50.35,-50.35,-47.95
2013-04-16,32.07,36.27,236.83,285.78,236.83,285.78,236.83,283.38,-4.2,-48.95,-48.95,-46.55
2013-04-18,32.82,37.11,242.21,292.31,242.21,292.31,242.21,289.9,-4.29,-50.1,-50.1,-47.69
2013-04-19,32.99,37.29,245.19,296.28,245.19,296.28,245.19,293.87,-4.3,-51.09,-51.09,-48.68
2013-04-22,33.49,37.86,247.46,298.68,247.46,298.68,247.46,295.48,-4.37,-51.22,-51.22,-48.02
2013-04-24,33.78,38.18,249.66,301.24,249.66,301.24,249.66,298.01,-4.4,-51.58,-51.58,-48.35
2013-04-25,34.1,38.54,251.74,304.11,251.74,304.11,251.74,300.9,-4.44,-52.37,-52.37,-49.16
2013-04-26,34.78,39.31,257.06,309.77,257.06,309.77,257.06,307.35,-4.53,-52.71,-52.71,-50.29
2013-04-30,34.5,39.01,254.53,307.74,254.53,307.74,254.53,304.53,-4.51,-53.21,-53.21,-50
2013-05-02,33.95,38.39,250.81,302.78,250.81,302.78,250.81,299.59,-4.44,-51.97,-51.97,-48.78
2013-05-08,34.16,38.62,252.28,304.54,252.28,304.54,252.28,301.34,-4.46,-52.26,-52.26,-49.06
2013-05-09,34.43,38.94,254.06,307.06,254.06,307.06,254.06,303.87,-4.51,-53,-53,-49.81
2013-05-13,33.93,38.36,250.83,302.53,250.83,302.53,250.83,299.3,-4.43,-51.7,-51.7,-48.47
2013-05-15,33.56,37.95,248.27,299.18,248.27,299.18,248.27,296.74,-4.39,-50.91,-50.91,-48.47
2013-05-16,32.79,37.08,242.09,291.9,242.09,291.9,242.09,289.46,-4.29,-49.81,-49.81,-47.37
2013-05-17,32.99,37.31,243.74,294.49,243.74,294.49,243.74,291.23,-4.32,-50.75,-50.75,-47.49
2013-05-20,32.17,36.37,237.19,286.76,237.19,286.76,237.19,284.31,-4.2,-49.57,-49.57,-47.12
2013-05-21,33.19,37.56,245.6,295.59,245.6,295.59,245.6,293.15,-4.37,-49.99,-49.99,-47.55
2013-05-22,32.75,37.04,241.92,291.59,241.92,291.59,241.92,289.15,-4.29,-49.67,-49.67,-47.23
2013-05-23,33.17,37.49,244.88,295.65,244.88,295.65,244.88,292.39,-4.32,-50.77,-50.77,-47.51
2013-05-28,32.84,37.13,242.71,292.43,242.71,292.43,242.71,290,-4.29,-49.72,-49.72,-47.29
2013-05-29,33.18,37.52,245.41,295.46,245.41,295.46,245.41,293.02,-4.34,-50.05,-50.05,-47.61
2013-05-31,33.48,37.86,247.39,298.72,247.39,298.72,247.39,295.5,-4.38,-51.33,-51.33,-48.11
2013-06-03,32.96,37.26,243.28,293.6,243.28,293.6,243.28,291.18,-4.3,-50.32,-50.32,-47.9
2013-06-04,33.21,37.56,245.39,295.71,245.39,295.71,245.39,293.3,-4.35,-50.32,-50.32,-47.91
2013-06-05,32.89,37.21,242.66,293.55,242.66,293.55,242.66,290.34,-4.32,-50.89,-50.89,-47.68
2013-06-10,32.28,36.51,238.38,287.91,238.38,287.91,238.38,285.53,-4.23,-49.53,-49.53,-47.15
2013-06-11,31.7,35.85,234.44,282.7,234.44,282.7,234.44,280.33,-4.15,-48.26,-48.26,-45.89
2013-06-13,32.01,36.18,236.29,285.28,236.29,285.28,236.29,282.93,-4.17,-48.99,-48.99,-46.64
2013-06-18,31.65,35.78,233.46,282.2,233.46,282.2,233.46,279.85,-4.13,-48.74,-48.74,-46.39
2013-06-19,31.37,35.47,231.95,279.81,231.95,279.81,231.95,277.46,-4.1,-47.86,-47.86,-45.51
2013-06-20,30.44,34.43,224.6,271.64,224.6,271.64,224.6,269.26,-3.99,-47.04,-47.04,-44.66
2013-06-21,30,33.92,221.34,267.35,221.34,267.35,221.34,264.97,-3.92,-46.01,-46.01,-43.63
2013-06-26,29.06,32.85,214.36,258.73,214.36,258.73,214.36,256.32,-3.79,-44.37,-44.37,-41.96
2013-06-27,29.26,33.1,216.24,260.77,216.24,260.77,216.24,258.36,-3.84,-44.53,-44.53,-42.12
2013-06-28,28.25,31.96,208.92,252.12,208.92,252.12,208.92,249.72,-3.71,-43.2,-43.2,-40.8
2013-07-01,29.32,33.17,216.4,261.78,216.4,261.78,216.4,259.36,-3.85,-45.38,-45.38,-42.96
2013-07-02,29.59,33.51,218.98,263.65,218.98,263.65,218.98,261.24,-3.92,-44.67,-44.67,-42.26
2013-07-08,29.28,33.12,216.22,261.3,216.22,261.3,216.22,258.84,-3.84,-45.08,-45.08,-42.62
2013-07-09,29.92,33.87,220.78,266.85,220.78,266.85,220.78,264.4,-3.95,-46.07,-46.07,-43.62
2013-07-11,30.3,34.27,223.84,270.36,223.84,270.36,223.84,267.95,-3.97,-46.52,-46.52,-44.11
2013-07-12,30.1,34.03,222.34,267.96,222.34,267.96,222.34,265.56,-3.93,-45.62,-45.62,-43.22
2013-07-15,30.34,34.32,224.06,270.62,224.06,270.62,224.06,268.21,-3.98,-46.56,-46.56,-44.15
2013-07-16,30.09,34.02,222.48,268.13,222.48,268.13,222.48,265.72,-3.93,-45.65,-45.65,-43.24
2013-07-22,30.77,34.81,227.13,274.47,227.13,274.47,227.13,272.08,-4.04,-47.34,-47.34,-44.95
2013-07-23,31.1,35.17,229.32,277.48,229.32,277.48,229.32,275.09,-4.07,-48.16,-48.16,-45.77
2013-07-25,30.79,34.81,227.56,274.78,227.56,274.78,227.56,271.61,-4.02,-47.22,-47.22,-44.05
2013-07-26,30.97,35.03,228.69,275.83,228.69,275.83,228.69,273.46,-4.06,-47.14,-47.14,-44.77
2013-07-29,30.72,34.75,227.24,273.5,227.24,273.5,227.24,271.13,-4.03,-46.26,-46.26,-43.89
2013-07-31,30.93,34.98,228.32,275.48,228.32,275.48,228.32,273.11,-4.05,-47.16,-47.16,-44.79
2013-08-01,30.56,34.56,225.81,271.99,225.81,271.99,225.81,269.62,-4,-46.18,-46.18,-43.81
2013-08-02,30.12,34.05,222.43,268.54,222.43,268.54,222.43,266.16,-3.93,-46.11,-46.11,-43.73
2013-08-05,30.5,34.49,225.04,271.96,225.04,271.96,225.04,269.59,-3.99,-46.92,-46.92,-44.55
2013-08-06,29.94,33.86,220.77,266.65,220.77,266.65,220.77,264.28,-3.92,-45.88,-45.88,-43.51
2013-08-07,29.56,33.44,218.65,263.53,218.65,263.53,218.65,261.16,-3.88,-44.88,-44.88,-42.51
2013-08-08,29.86,33.76,220.25,265.92,220.25,265.92,220.25,263.56,-3.9,-45.67,-45.67,-43.31
2013-08-09,30.12,34.06,222.53,268.25,222.53,268.25,222.53,265.9,-3.94,-45.72,-45.72,-43.37
2013-08-12,30.67,34.69,226.43,273.31,226.43,273.31,226.43,270.95,-4.02,-46.88,-46.88,-44.52
2013-08-13,30.87,34.92,228.17,275.19,228.17,275.19,228.17,272.83,-4.05,-47.02,-47.02,-44.66
2013-08-14,30.64,34.65,226.09,273.11,226.09,273.11,226.09,270.74,-4.01,-47.02,-47.02,-44.65
2013-08-16,31.5,35.63,232.78,280.8,232.78,280.8,232.78,278.44,-4.13,-48.02,-48.02,-45.66
2013-08-19,31.81,35.98,235.29,283.51,235.29,283.51,235.29,281.15,-4.17,-48.22,-48.22,-45.86
2013-08-20,31.37,35.47,231.95,279.91,231.95,279.91,231.95,276.77,-4.1,-47.96,-47.96,-44.82
2013-08-23,31.76,35.91,234.26,283.16,234.26,283.16,234.26,280.8,-4.15,-48.9,-48.9,-46.54
2013-08-26,32.09,36.29,237.28,286.27,237.28,286.27,237.28,283.14,-4.2,-48.99,-48.99,-45.86
2013-08-27,32.54,36.8,240.4,289.71,240.4,289.71,240.4,287.35,-4.26,-49.31,-49.31,-46.95
2013-08-28,32.92,37.21,243.25,293.4,243.25,293.4,243.25,290.27,-4.29,-50.15,-50.15,-47.02
2013-08-29,32.62,36.89,241.24,290.61,241.24,290.61,241.24,288.25,-4.27,-49.37,-49.37,-47.01
2013-09-02,32.41,36.65,239.49,289.04,239.49,289.04,239.49,285.87,-4.24,-49.55,-49.55,-46.38
2013-09-04,32.97,37.28,243.41,294.13,243.41,294.13,243.41,290.94,-4.31,-50.72,-50.72,-47.53
2013-09-05,32.46,36.7,239.94,289.58,239.94,289.58,239.94,286.4,-4.24,-49.64,-49.64,-46.46
2013-09-06,32.12,36.32,237.42,286.28,237.42,286.28,237.42,283.89,-4.2,-48.86,-48.86,-46.47
2013-09-09,32.41,36.64,239.55,289.22,239.55,289.22,239.55,286.04,-4.23,-49.67,-49.67,-46.49
2013-09-10,31.92,36.09,235.62,284.8,235.62,284.8,235.62,281.64,-4.17,-49.18,-49.18,-46.02
2013-09-11,31.64,35.78,233.57,281.85,233.57,281.85,233.57,279.48,-4.14,-48.28,-48.28,-45.91
2013-09-12,31.04,35.09,228.96,276.83,228.96,276.83,228.96,274.47,-4.05,-47.87,-47.87,-45.51
2013-09-13,30.46,34.46,225.1,271.23,225.1,271.23,225.1,268.86,-4,-46.13,-46.13,-43.76
2013-09-18,29.86,33.78,220.63,266.28,220.63,266.28,220.63,263.92,-3.92,-45.65,-45.65,-43.29
2013-09-19,30.94,34.98,228.12,275.39,228.12,275.39,228.12,273.07,-4.04,-47.27,-47.27,-44.95
2013-09-23,30.07,34,222.33,267.7,222.33,267.7,222.33,265.38,-3.93,-45.37,-45.37,-43.05
2013-09-25,30.25,34.22,223.31,269.65,223.31,269.65,223.31,267.32,-3.97,-46.34,-46.34,-44.01
2013-09-30,30.47,34.46,224.95,271.33,224.95,271.33,224.95,268.99,-3.99,-46.38,-46.38,-44.04
2013-10-01,30.14,34.07,222.7,268.82,222.7,268.82,222.7,265.72,-3.93,-46.12,-46.12,-43.02
2013-10-02,29.33,33.18,216.57,261.6,216.57,261.6,216.57,259.27,-3.85,-45.03,-45.03,-42.7
2013-10-03,29.65,33.54,218.85,264.59,218.85,264.59,218.85,262.28,-3.89,-45.74,-45.74,-43.43
2013-10-08,30.05,33.98,221.77,267.81,221.77,267.81,221.77,265.49,-3.93,-46.04,-46.04,-43.72
2013-10-09,29.85,33.76,220.17,266.08,220.17,266.08,220.17,263.76,-3.91,-45.91,-45.91,-43.59
2013-10-10,29.67,33.57,219.28,264.55,219.28,264.55,219.28,262.22,-3.9,-45.27,-45.27,-42.94
2013-10-11,29.35,33.2,217.03,262.04,217.03,262.04,217.03,258.95,-3.85,-45.01,-45.01,-41.92
2013-10-14,28.79,32.56,212.24,256.89,212.24,256.89,212.24,254.58,-3.77,-44.65,-44.65,-42.34
2013-10-16,29.12,32.94,215.21,259.39,215.21,259.39,215.21,257.06,-3.82,-44.18,-44.18,-41.85
2013-10-17,29.47,33.33,217.84,262.71,217.84,262.71,217.84,260.4,-3.86,-44.87,-44.87,-42.56
2013-10-23,29.8,33.7,219.71,265.87,219.71,265.87,219.71,263.59,-3.9,-46.16,-46.16,-43.88
2013-10-29,30.19,34.13,222.56,268.9,222.56,268.9,222.56,266.62,-3.94,-46.34,-46.34,-44.06
2013-10-31,29.89,33.8,220.84,266.48,220.84,266.48,220.84,264.18,-3.91,-45.64,-45.64,-43.34
2013-11-01,30.1,34.03,222.59,267.91,222.59,267.91,222.59,265.59,-3.93,-45.32,-45.32,-43
2013-11-05,29.86,33.77,220.56,265.88,220.56,265.88,220.56,263.55,-3.91,-45.32,-45.32,-42.99
2013-11-08,30.08,34.01,222.29,267.96,222.29,267.96,222.29,265.61,-3.93,-45.67,-45.67,-43.32
2013-11-11,29.59,33.46,218.46,263.97,218.46,263.97,218.46,261.62,-3.87,-45.51,-45.51,-43.16
2013-11-12,29.35,33.2,216.51,261.83,216.51,261.83,216.51,259.48,-3.85,-45.32,-45.32,-42.97
2013-11-13,29.1,32.91,214.88,259.19,214.88,259.19,214.88,256.85,-3.81,-44.31,-44.31,-41.97
2013-11-14,29.36,33.22,216.62,261.76,216.62,261.76,216.62,259.43,-3.86,-45.14,-45.14,-42.81
2013-11-19,29,32.79,213.86,258.74,213.86,258.74,213.86,256.42,-3.79,-44.88,-44.88,-42.56
2013-11-20,28.73,32.49,212.1,256.06,212.1,256.06,212.1,253.73,-3.76,-43.96,-43.96,-41.63
2013-11-22,28.38,32.09,209.29,253.19,209.29,253.19,209.29,250.85,-3.71,-43.9,-43.9,-41.56
2013-11-25,28.1,31.79,207.51,250.37,207.51,250.37,207.51,248.05,-3.69,-42.86,-42.86,-40.54
2013-11-26,28.47,32.21,210.57,253.65,210.57,253.65,210.57,251.32,-3.74,-43.08,-43.08,-40.75
2013-11-27,28.19,31.88,208.19,250.99,208.19,250.99,208.19,248.68,-3.69,-42.8,-42.8,-40.49
2013-12-03,27.74,31.37,204.52,247.18,204.52,247.18,204.52,244.86,-3.63,-42.66,-42.66,-40.34
2013-12-04,27.45,31.06,202.36,244.79,202.36,244.79,202.36,242.48,-3.61,-42.43,-42.43,-40.12
2013-12-05,28.01,31.67,206.54,249.98,206.54,249.98,206.54,247.67,-3.66,-43.44,-43.44,-41.13
2013-12-06,27.64,31.27,204.27,246.67,204.27,246.67,204.27,244.37,-3.63,-42.4,-42.4,-40.1
2013-12-11,28.15,31.83,207.83,251.02,207.83,251.02,207.83,248.73,-3.68,-43.19,-43.19,-40.9
2013-12-12,27.72,31.35,204.81,247.03,204.81,247.03,204.81,244.74,-3.63,-42.22,-42.22,-39.93
2013-12-13,27.47,31.08,202.91,245.04,202.91,245.04,202.91,242.76,-3.61,-42.13,-42.13,-39.85
2013-12-17,27.82,31.49,205.43,247.66,205.43,247.66,205.43,245.38,-3.67,-42.23,-42.23,-39.95
2013-12-18,27.53,31.15,203.28,245.38,203.28,245.38,203.28,243.09,-3.62,-42.1,-42.1,-39.81
2013-12-19,27.27,30.85,201.07,243.24,201.07,243.24,201.07,240.94,-3.58,-42.17,-42.17,-39.87
2013-12-20,26.96,30.48,198.84,240.19,198.84,240.19,198.84,237.88,-3.52,-41.35,-41.35,-39.04
2013-12-27,27.15,30.7,200.19,242.18,200.19,242.18,200.19,239.89,-3.55,-41.99,-41.99,-39.7
2013-12-30,26.93,30.45,198.68,239.79,198.68,239.79,198.68,237.5,-3.52,-41.11,-41.11,-38.82
2013-12-31,26.73,30.24,197.26,238.18,197.26,238.18,197.26,235.9,-3.51,-40.92,-40.92,-38.64
2014-01-02,27.41,31.01,202.14,244.21,202.14,244.21,202.14,241.92,-3.6,-42.07,-42.07,-39.78
2014-01-03,27.75,31.37,205.14,247.62,205.14,247.62,205.14,245.32,-3.62,-42.48,-42.48,-40.18
2014-01-07,28.05,31.71,207,249.66,207,249.66,207,247.35,-3.66,-42.66,-42.66,-40.35
2014-01-08,27.67,31.29,204.02,246.48,204.02,246.48,204.02,244.17,-3.62,-42.46,-42.46,-40.15
2014-01-10,27.94,31.61,206.42,249.07,206.42,249.07,206.42,246.75,-3.67,-42.65,-42.65,-40.33
2014-01-13,28.13,31.8,207.59,250.93,207.59,250.93,207.59,248.63,-3.67,-43.34,-43.34,-41.04
2014-01-15,27.97,31.62,206.77,249.38,206.77,249.38,206.77,247.07,-3.65,-42.61,-42.61,-40.3
2014-01-20,28.57,32.3,210.59,254.45,210.59,254.45,210.59,252.12,-3.73,-43.86,-43.86,-41.53
2014-01-22,28.18,31.86,208,250.87,208,250.87,208,248.55,-3.68,-42.87,-42.87,-40.55
2014-01-23,27.94,31.6,206.16,248.76,206.16,248.76,206.16,246.45,-3.66,-42.6,-42.6,-40.29
2014-01-24,28.31,32.02,208.82,252.21,208.82,252.21,208.82,249.91,-3.71,-43.39,-43.39,-41.09
2014-01-27,28.57,32.31,211.14,254.69,211.14,254.69,211.14,252.39,-3.74,-43.55,-43.55,-41.25
2014-01-28,28.32,32.02,209.04,252.47,209.04,252.47,209.04,250.17,-3.7,-43.43,-43.43,-41.13
2014-01-31,28.13,31.82,208.01,250.88,208.01,250.88,208.01,248.56,-3.69,-42.87,-42.87,-40.55
2014-02-03,28.39,32.12,209.81,252.94,209.81,252.94,209.81,250.6,-3.73,-43.13,-43.13,-40.79
2014-02-04,28.63,32.38,211.5,255.44,211.5,255.44,211.5,253.11,-3.75,-43.94,-43.94,-41.61
2014-02-11,28.89,32.68,213.58,257.33,213.58,257.33,213.58,255.03,-3.79,-43.75,-43.75,-41.45
2014-02-13,29.11,32.91,215.08,259.8,215.08,259.8,215.08,256.72,-3.8,-44.72,-44.72,-41.64
2014-02-14,29.34,33.18,216.92,261.61,216.92,261.61,216.92,259.31,-3.84,-44.69,-44.69,-42.39
2014-02-17,29.73,33.62,219.39,264.94,219.39,264.94,219.39,262.64,-3.89,-45.55,-45.55,-43.25
2014-02-18,29.55,33.4,217.89,263.33,217.89,263.33,217.89,261.04,-3.85,-45.44,-45.44,-43.15
2014-02-19,29.42,33.26,217.03,262.3,217.03,262.3,217.03,259.25,-3.84,-45.27,-45.27,-42.22
2014-02-21,29.52,33.38,217.82,263.25,217.82,263.25,217.82,260.96,-3.86,-45.43,-45.43,-43.14
2014-02-24,29.8,33.69,220.33,265.86,220.33,265.86,220.33,262.8,-3.89,-45.53,-45.53,-42.47
2014-02-26,30.05,33.99,221.73,268.11,221.73,268.11,221.73,265.82,-3.94,-46.38,-46.38,-44.09
2014-02-27,29.83,33.73,220.43,266.09,220.43,266.09,220.43,263.79,-3.9,-45.66,-45.66,-43.36
2014-02-28,29.62,33.5,218.65,263.94,218.65,263.94,218.65,261.66,-3.88,-45.29,-45.29,-43.01
2014-03-04,29.92,33.82,220.81,266.34,220.81,266.34,220.81,264.05,-3.9,-45.53,-45.53,-43.24
2014-03-10,29.53,33.39,218.06,263.13,218.06,263.13,218.06,260.86,-3.86,-45.07,-45.07,-42.8
2014-03-11,29.76,33.66,219.75,264.96,219.75,264.96,219.75,262.7,-3.9,-45.21,-45.21,-42.95
2014-03-12,30.13,34.05,222.75,268.17,222.75,268.17,222.75,265.9,-3.92,-45.42,-45.42,-43.15
2014-03-14,30.41,34.4,224.93,271.25,224.93,271.25,224.93,268.98,-3.99,-46.32,-46.32,-44.05
2014-03-18,30.03,33.96,221.56,267.49,221.56,267.49,221.56,265.23,-3.93,-45.93,-45.93,-43.67
2014-03-19,29.74,33.62,219.7,264.8,219.7,264.8,219.7,262.54,-3.88,-45.1,-45.1,-42.84
2014-03-20,29.58,33.45,218.82,264.04,218.82,264.04,218.82,261.01,-3.87,-45.22,-45.22,-42.19
2014-03-21,29.77,33.65,219.57,264.94,219.57,264.94,219.57,262.66,-3.88,-45.37,-45.37,-43.09
2014-03-24,29.52,33.37,217.96,263.21,217.96,263.21,217.96,260.93,-3.85,-45.25,-45.25,-42.97
2014-03-26,29.27,33.09,216.38,260.75,216.38,260.75,216.38,258.47,-3.82,-44.37,-44.37,-42.09
2014-03-27,29.06,32.88,214.47,258.75,214.47,258.75,214.47,256.47,-3.82,-44.28,-44.28,-42
2014-04-01,28.66,32.41,211.87,255.27,211.87,255.27,211.87,252.98,-3.75,-43.4,-43.4,-41.11
2014-04-03,28.88,32.64,212.85,257.1,212.85,257.1,212.85,254.82,-3.76,-44.25,-44.25,-41.97
2014-04-07,29.21,33.03,215.92,260.5,215.92,260.5,215.92,258.2,-3.82,-44.58,-44.58,-42.28
2014-04-14,29.42,33.26,217.01,262.07,217.01,262.07,217.01,259.8,-3.84,-45.06,-45.06,-42.79
2014-04-15,29.07,32.86,214.3,259.31,214.3,259.31,214.3,257.03,-3.79,-45.01,-45.01,-42.73
2014-04-16,28.93,32.7,213.34,257.5,213.34,257.5,213.34,255.22,-3.77,-44.16,-44.16,-41.88
2014-04-22,28.69,32.44,211.54,255.64,211.54,255.64,211.54,253.36,-3.75,-44.1,-44.1,-41.82
2014-04-28,29.01,32.8,213.96,258.14,213.96,258.14,213.96,255.87,-3.79,-44.18,-44.18,-41.91
2014-04-29,28.71,32.47,211.96,255.93,211.96,255.93,211.96,253.66,-3.76,-43.97,-43.97,-41.7
2014-05-02,28.47,32.21,210.5,253.62,210.5,253.62,210.5,251.35,-3.74,-43.12,-43.12,-40.85
2014-05-05,28.94,32.71,212.45,256.42,212.45,256.42,212.45,254.16,-3.77,-43.97,-43.97,-41.71
2014-05-06,28.99,32.78,213.76,258.56,213.76,258.56,213.76,256.29,-3.79,-44.8,-44.8,-42.53
2014-05-08,28.51,32.23,210.42,254.18,210.42,254.18,210.42,251.92,-3.72,-43.76,-43.76,-41.5
2014-05-09,28.7,32.44,212,256.08,212,256.08,212,253.8,-3.74,-44.08,-44.08,-41.8
2014-05-13,28.9,32.66,213.53,257.82,213.53,257.82,213.53,255.53,-3.76,-44.29,-44.29,-42
2014-05-14,29.17,33,215.72,260.26,215.72,260.26,215.72,257.97,-3.83,-44.54,-44.54,-42.25
2014-05-16,28.98,32.78,214.08,258.49,214.08,258.49,214.08,256.19,-3.8,-44.41,-44.41,-42.11
2014-05-26,29.18,32.98,215.73,259.71,215.73,259.71,215.73,257.4,-3.8,-43.98,-43.98,-41.67
2014-05-27,28.93,32.7,213.72,257.5,213.72,257.5,213.72,255.19,-3.77,-43.78,-43.78,-41.47
2014-05-28,28.48,32.21,210.49,254.12,210.49,254.12,210.49,251.81,-3.73,-43.63,-43.63,-41.32
2014-06-02,28.1,31.78,207.63,250.31,207.63,250.31,207.63,248,-3.68,-42.68,-42.68,-40.37
2014-06-06,28.24,31.94,208.65,252.1,208.65,252.1,208.65,249.8,-3.7,-43.45,-43.45,-41.15
2014-06-11,28.67,32.41,211.28,255.17,211.28,255.17,211.28,252.84,-3.74,-43.89,-43.89,-41.56
2014-06-13,28.86,32.63,213.06,257.01,213.06,257.01,213.06,254.69,-3.77,-43.95,-43.95,-41.63
2014-06-16,29.12,32.93,214.76,259.62,214.76,259.62,214.76,257.3,-3.81,-44.86,-44.86,-42.54
2014-06-17,28.67,32.43,211.6,255.45,211.6,255.45,211.6,253.13,-3.76,-43.85,-43.85,-41.53
2014-06-19,28.91,32.69,213.25,257.9,213.25,257.9,213.25,255.58,-3.78,-44.65,-44.65,-42.33
2014-06-20,29.66,33.55,219.23,264.18,219.23,264.18,219.23,261.87,-3.89,-44.95,-44.95,-42.64
2014-06-24,29.88,33.77,220.78,266.61,220.78,266.61,220.78,263.53,-3.89,-45.83,-45.83,-42.75
2014-06-25,29.63,33.52,218.81,263.78,218.81,263.78,218.81,261.47,-3.89,-44.97,-44.97,-42.66
2014-06-27,29.8,33.7,219.93,265.68,219.93,265.68,219.93,263.37,-3.9,-45.75,-45.75,-43.44
2014-06-30,29.56,33.42,218.08,263.66,218.08,263.66,218.08,261.36,-3.86,-45.58,-45.58,-43.28
2014-07-01,29.82,33.72,220.48,265.38,220.48,265.38,220.48,263.08,-3.9,-44.9,-44.9,-42.6
2014-07-10,30.27,34.24,223.42,270.15,223.42,270.15,223.42,267.07,-3.97,-46.73,-46.73,-43.65
2014-07-14,29.85,33.76,220.33,266.17,220.33,266.17,220.33,263.86,-3.91,-45.84,-45.84,-43.53
2014-07-15,29.51,33.38,217.9,262.78,217.9,262.78,217.9,260.47,-3.87,-44.88,-44.88,-42.57
2014-07-17,29.64,33.53,218.65,264.56,218.65,264.56,218.65,262.24,-3.89,-45.91,-45.91,-43.59
2014-07-18,29.86,33.77,220.88,266.16,220.88,266.16,220.88,263.84,-3.91,-45.28,-45.28,-42.96
2014-07-21,29.86,33.77,220.88,266.16,220.88,266.16,220.88,263.84,-3.91,-45.28,-45.28,-42.96
2014-07-22,29.72,33.61,219.43,264.62,219.43,264.62,219.43,262.3,-3.89,-45.19,-45.19,-42.87
2014-07-25,29.47,33.32,217.43,262.63,217.43,262.63,217.43,260.29,-3.85,-45.2,-45.2,-42.86
2014-07-28,29.96,33.86,221.02,266.53,221.02,266.53,221.02,264.19,-3.9,-45.51,-45.51,-43.17
2014-07-31,29.71,33.58,219.38,264.88,219.38,264.88,219.38,262.53,-3.87,-45.5,-45.5,-43.15
2014-08-01,29.46,33.32,217.29,262.67,217.29,262.67,217.29,260.32,-3.86,-45.38,-45.38,-43.03
2014-08-04,29.65,33.52,218.84,264.23,218.84,264.23,218.84,261.88,-3.87,-45.39,-45.39,-43.04
2014-08-07,30.01,33.92,221.68,267.33,221.68,267.33,221.68,264.98,-3.91,-45.65,-45.65,-43.3
2014-08-08,30.32,34.3,224.31,270.18,224.31,270.18,224.31,267.83,-3.98,-45.87,-45.87,-43.52
2014-08-11,30,33.92,221.46,267.07,221.46,267.07,221.46,264.72,-3.92,-45.61,-45.61,-43.26
2014-08-14,30.22,34.18,222.8,269.36,222.8,269.36,222.8,267,-3.96,-46.56,-46.56,-44.2
2014-08-18,29.88,33.79,220.77,266.34,220.77,266.34,220.77,263.99,-3.91,-45.57,-45.57,-43.22
2014-08-21,29.68,33.57,219.28,264.28,219.28,264.28,219.28,261.91,-3.89,-45,-45,-42.63
2014-08-26,29.85,33.76,220.3,266.3,220.3,266.3,220.3,263.92,-3.91,-46,-46,-43.62
2014-08-28,30.14,34.07,222.23,268.41,222.23,268.41,222.23,266.02,-3.93,-46.18,-46.18,-43.79
2014-09-02,29.79,33.68,220.23,265.64,220.23,265.64,220.23,263.24,-3.89,-45.41,-45.41,-43.01
2014-09-03,29.54,33.39,218.14,263.33,218.14,263.33,218.14,260.94,-3.85,-45.19,-45.19,-42.8
2014-09-04,29.76,33.65,219.74,265.04,219.74,265.04,219.74,262.65,-3.89,-45.3,-45.3,-42.91
2014-09-05,30.04,33.97,221.8,267.74,221.8,267.74,221.8,265.31,-3.93,-45.94,-45.94,-43.51
2014-09-08,30.2,34.15,223.26,269.28,223.26,269.28,223.26,266.85,-3.95,-46.02,-46.02,-43.59
2014-09-09,29.95,33.87,221.35,266.61,221.35,266.61,221.35,264.16,-3.92,-45.26,-45.26,-42.81
2014-09-10,29.76,33.65,219.38,265.15,219.38,265.15,219.38,262.72,-3.89,-45.77,-45.77,-43.34
2014-09-12,29.34,33.19,216.69,261.53,216.69,261.53,216.69,259.1,-3.85,-44.84,-44.84,-42.41
2014-09-19,29.09,32.89,214.47,259.19,214.47,259.19,214.47,256.75,-3.8,-44.72,-44.72,-42.28
2014-09-24,29.25,33.08,216.27,260.43,216.27,260.43,216.27,258.8,-3.83,-44.16,-44.16,-42.53
2014-09-26,29.49,33.35,218.12,262.66,218.12,262.66,218.12,260.19,-3.86,-44.54,-44.54,-42.07
2014-10-06,29.18,33,215.01,259.91,215.01,259.91,215.01,257.4,-3.82,-44.9,-44.9,-42.39
2014-10-07,29.35,33.2,217.16,261.94,217.16,261.94,217.16,259.44,-3.85,-44.78,-44.78,-42.28
2014-10-09,29.54,33.41,218.09,263.44,218.09,263.44,218.09,260.97,-3.87,-45.35,-45.35,-42.88
2014-10-13,29.87,33.78,220.76,266.44,220.76,266.44,220.76,263.96,-3.91,-45.68,-45.68,-43.2
2014-10-17,29.74,33.64,219.55,264.87,219.55,264.87,219.55,262.41,-3.9,-45.32,-45.32,-42.86
2014-10-21,29.96,33.88,221.47,266.85,221.47,266.85,221.47,264.4,-3.92,-45.38,-45.38,-42.93
2014-10-22,30.15,34.1,222.35,268.85,222.35,268.85,222.35,266.38,-3.95,-46.5,-46.5,-44.03
2014-10-24,29.88,33.8,220.49,266.22,220.49,266.22,220.49,263.74,-3.92,-45.73,-45.73,-43.25
2014-10-29,29.69,33.59,219.04,264.48,219.04,264.48,219.04,262.01,-3.9,-45.44,-45.44,-42.97
2014-10-30,29.43,33.27,216.95,262.63,216.95,262.63,216.95,260.13,-3.84,-45.68,-45.68,-43.18
2014-10-31,28.72,32.48,212.1,255.91,212.1,255.91,212.1,253.4,-3.76,-43.81,-43.81,-41.3
2014-11-05,28.3,32.01,209.13,251.94,209.13,251.94,209.13,250.27,-3.71,-42.81,-42.81,-41.14
2014-11-06,28.11,31.78,207.83,250.59,207.83,250.59,207.83,248.08,-3.67,-42.76,-42.76,-40.25
2014-11-07,28.37,32.09,209.83,253,209.83,253,209.83,250.46,-3.72,-43.17,-43.17,-40.63
2014-11-10,28.9,32.68,213.32,257.37,213.32,257.37,213.32,254.85,-3.78,-44.05,-44.05,-41.53
2014-11-11,28.5,32.24,210.29,254.29,210.29,254.29,210.29,251.76,-3.74,-44,-44,-41.47
2014-11-12,28.73,32.49,211.82,255.79,211.82,255.79,211.82,254.11,-3.76,-43.97,-43.97,-42.29
2014-11-14,28.58,32.33,211,255.02,211,255.02,211,252.49,-3.75,-44.02,-44.02,-41.49
2014-11-17,29.18,32.99,215.29,260.14,215.29,260.14,215.29,257.63,-3.81,-44.85,-44.85,-42.34
2014-11-18,29.48,33.34,217.82,262.96,217.82,262.96,217.82,260.44,-3.86,-45.14,-45.14,-42.62
2014-11-20,29.31,33.14,216.52,261.5,216.52,261.5,216.52,258.99,-3.83,-44.98,-44.98,-42.47
2014-11-24,29.76,33.66,219.48,264.95,219.48,264.95,219.48,263.26,-3.9,-45.47,-45.47,-43.78
2014-11-26,29.57,33.43,218.14,263.34,218.14,263.34,218.14,260.82,-3.86,-45.2,-45.2,-42.68
2014-11-28,29.26,33.1,216.21,260.52,216.21,260.52,216.21,258.83,-3.84,-44.31,-44.31,-42.62
2014-12-01,28.69,32.43,211.91,255.9,211.91,255.9,211.91,253.37,-3.74,-43.99,-43.99,-41.46
2014-12-02,29.54,33.41,217.95,263.22,217.95,263.22,217.95,260.7,-3.87,-45.27,-45.27,-42.75
2014-12-03,29.83,33.74,219.95,266.37,219.95,266.37,219.95,263.82,-3.91,-46.42,-46.42,-43.87
2014-12-04,30.14,34.07,222.73,268.64,222.73,268.64,222.73,266.09,-3.93,-45.91,-45.91,-43.36
2014-12-05,29.91,33.83,220.62,266.21,220.62,266.21,220.62,264.52,-3.92,-45.59,-45.59,-43.9
2014-12-10,30.6,34.59,225.94,272.67,225.94,272.67,225.94,270.13,-3.99,-46.73,-46.73,-44.19
2014-12-11,30.25,34.21,223.56,270.03,223.56,270.03,223.56,267.5,-3.96,-46.47,-46.47,-43.94
2014-12-15,30.09,34.02,221.88,268.24,221.88,268.24,221.88,265.71,-3.93,-46.36,-46.36,-43.83
2014-12-16,29.54,33.41,218.34,263.58,218.34,263.58,218.34,261.06,-3.87,-45.24,-45.24,-42.72
2014-12-18,29.86,33.77,220.47,266.15,220.47,266.15,220.47,263.6,-3.91,-45.68,-45.68,-43.13
2014-12-22,30.1,34.03,222.22,268.26,222.22,268.26,222.22,265.69,-3.93,-46.04,-46.04,-43.47
2014-12-23,29.65,33.54,218.51,264.36,218.51,264.36,218.51,261.79,-3.89,-45.85,-45.85,-43.28
2014-12-29,30.13,34.09,222.36,268.54,222.36,268.54,222.36,265.96,-3.96,-46.18,-46.18,-43.6
2014-12-31,30.36,34.36,223.89,271.13,223.89,271.13,223.89,268.54,-4,-47.24,-47.24,-44.65
2015-01-05,30.83,34.87,228.01,274.35,228.01,274.35,228.01,272.59,-4.04,-46.34,-46.34,-44.58
2015-01-07,31.43,35.55,232.46,280.12,232.46,280.12,232.46,277.47,-4.12,-47.66,-47.66,-45.01
2015-01-09,31.58,35.7,232.98,281.75,232.98,281.75,232.98,279.09,-4.12,-48.77,-48.77,-46.11
2015-01-12,31.81,35.97,234.48,283.21,234.48,283.21,234.48,280.55,-4.16,-48.73,-48.73,-46.07
2015-01-13,32.12,36.32,237.54,286.53,237.54,286.53,237.54,283.88,-4.2,-48.99,-48.99,-46.34
2015-01-14,32.01,36.21,236.67,284.83,236.67,284.83,236.67,283.05,-4.2,-48.16,-48.16,-46.38
2015-01-15,32.54,36.8,240.32,289.88,240.32,289.88,240.32,287.19,-4.26,-49.56,-49.56,-46.87
2015-01-16,33.26,37.62,245.92,296.02,245.92,296.02,245.92,294.21,-4.36,-50.1,-50.1,-48.29
2015-01-19,33.98,38.4,250.75,302.25,250.75,302.25,250.75,299.53,-4.42,-51.5,-51.5,-48.78
2015-01-20,34.2,38.67,252.27,304.63,252.27,304.63,252.27,301.92,-4.47,-52.36,-52.36,-49.65
2015-01-21,34.55,39.07,254.71,308.23,254.71,308.23,254.71,304.6,-4.52,-53.52,-53.52,-49.89
2015-01-22,34.09,38.53,251.27,303.54,251.27,303.54,251.27,300.84,-4.44,-52.27,-52.27,-49.57
2015-01-23,35.15,39.75,259.49,313.2,259.49,313.2,259.49,310.42,-4.6,-53.71,-53.71,-50.93
2015-01-26,35.21,39.79,259.59,313.58,259.59,313.58,259.59,310.78,-4.58,-53.99,-53.99,-51.19
2015-01-27,34.83,39.36,257.24,309.94,257.24,309.94,257.24,307.15,-4.53,-52.7,-52.7,-49.91
2015-01-29,34.71,39.24,256.42,309.08,256.42,309.08,256.42,306.29,-4.53,-52.66,-52.66,-49.87
2015-01-30,34.18,38.66,252.2,304.49,252.2,304.49,252.2,301.72,-4.48,-52.29,-52.29,-49.52
2015-02-02,34.68,39.19,256.01,308.59,256.01,308.59,256.01,305.81,-4.51,-52.58,-52.58,-49.8
2015-02-04,33.83,38.26,250,301.72,250,301.72,250,298.98,-4.43,-51.72,-51.72,-48.98
2015-02-05,33.93,38.38,251,302,251,302,251,299.25,-4.45,-51,-51,-48.25
2015-02-09,33.58,37.97,247.93,299.04,247.93,299.04,247.93,296.26,-4.39,-51.11,-51.11,-48.33
2015-02-10,33.77,38.16,249.72,300.95,249.72,300.95,249.72,298.18,-4.39,-51.23,-51.23,-48.46
2015-02-11,33.63,38.03,248.26,299.43,248.26,299.43,248.26,296.65,-4.4,-51.17,-51.17,-48.39
2015-02-12,33.2,37.54,244.91,295.9,244.91,295.9,244.91,293.12,-4.34,-50.99,-50.99,-48.21
2015-02-17,32.97,37.27,243.32,293.98,243.32,293.98,243.32,291.21,-4.3,-50.66,-50.66,-47.89
2015-02-18,32.59,36.85,240.28,290.69,240.28,290.69,240.28,287.93,-4.26,-50.41,-50.41,-47.65
2015-02-19,32.76,37.04,241.76,292.22,241.76,292.22,241.76,289.47,-4.28,-50.46,-50.46,-47.71
2015-02-24,32.49,36.74,239.64,289.37,239.64,289.37,239.64,286.59,-4.25,-49.73,-49.73,-46.95
2015-02-25,32.78,37.06,241.6,292.28,241.6,292.28,241.6,289.51,-4.28,-50.68,-50.68,-47.91
2015-02-27,33.17,37.52,245.32,295.71,245.32,295.71,245.32,292.91,-4.35,-50.39,-50.39,-47.59
2015-03-02,33.34,37.7,246.09,297.45,246.09,297.45,246.09,294.65,-4.36,-51.36,-51.36,-48.56
2015-03-09,33.14,37.46,244.29,294.66,244.29,294.66,244.29,292.74,-4.32,-50.37,-50.37,-48.45
2015-03-11,33.47,37.85,247.16,298.37,247.16,298.37,247.16,295.43,-4.38,-51.21,-51.21,-48.27
2015-03-12,33.56,37.94,247.73,299.19,247.73,299.19,247.73,296.23,-4.38,-51.46,-51.46,-48.5
2015-03-16,33.93,38.37,250.75,302.7,250.75,302.7,250.75,299.71,-4.44,-51.95,-51.95,-48.96
2015-03-17,33.6,37.99,248.45,299.2,248.45,299.2,248.45,296.22,-4.39,-50.75,-50.75,-47.77
2015-03-18,33.39,37.76,246.93,297.51,246.93,297.51,246.93,294.53,-4.37,-50.58,-50.58,-47.6
2015-03-20,33.63,38.04,248.24,299.55,248.24,299.55,248.24,296.6,-4.41,-51.31,-51.31,-48.36
2015-03-24,33.39,37.75,246.3,297.65,246.3,297.65,246.3,294.77,-4.36,-51.35,-51.35,-48.47
2015-03-26,33.71,38.09,248.7,300.03,248.7,300.03,248.7,297.17,-4.38,-51.33,-51.33,-48.47
2015-03-27,34,38.43,250.94,302.73,250.94,302.73,250.94,299.84,-4.43,-51.79,-51.79,-48.9
2015-03-30,33.79,38.2,249.43,301.17,249.43,301.17,249.43,298.27,-4.41,-51.74,-51.74,-48.84
2015-04-02,34.35,38.82,253.6,305.93,253.6,305.93,253.6,303.01,-4.47,-52.33,-52.33,-49.41
2015-04-03,33.97,38.4,249.27,300.97,249.27,300.97,249.27,298.08,-4.43,-51.7,-51.7,-48.81
2015-04-06,34.09,38.55,251.52,304,251.52,304,251.52,301.14,-4.46,-52.48,-52.48,-49.62
2015-04-08,34.32,38.79,253.62,305.7,253.62,305.7,253.62,302.8,-4.47,-52.08,-52.08,-49.18
2015-04-14,34.93,39.48,257.96,311.31,257.96,311.31,257.96,308.33,-4.55,-53.35,-53.35,-50.37
2015-04-15,34.52,39.04,255.2,307.13,255.2,307.13,255.2,305.16,-4.52,-51.93,-51.93,-49.96
2015-04-16,34.88,39.44,257.88,310.96,257.88,310.96,257.88,308,-4.56,-53.08,-53.08,-50.12
2015-04-17,34.21,38.69,252.64,304.9,252.64,304.9,252.64,301.98,-4.48,-52.26,-52.26,-49.34
2015-04-24,33.92,38.33,250.12,302.13,250.12,302.13,250.12,299.22,-4.41,-52.01,-52.01,-49.1
2015-04-27,33.5,37.89,247.07,298.71,247.07,298.71,247.07,295.81,-4.39,-51.64,-51.64,-48.74
2015-04-28,33.95,38.38,250.37,302.17,250.37,302.17,250.37,299.28,-4.43,-51.8,-51.8,-48.91
2015-04-30,33.03,37.32,243.39,294.57,243.39,294.57,243.39,291.77,-4.29,-51.18,-51.18,-48.38
2015-05-04,32.53,36.77,240.46,289.67,240.46,289.67,240.46,286.86,-4.24,-49.21,-49.21,-46.4
2015-05-05,32.76,37.05,241.72,292.13,241.72,292.13,241.72,289.31,-4.29,-50.41,-50.41,-47.59
2015-05-07,32.18,36.41,237.26,286.75,237.26,286.75,237.26,283.97,-4.23,-49.49,-49.49,-46.71
2015-05-08,32.45,36.71,239.99,289.11,239.99,289.11,239.99,286.3,-4.26,-49.12,-49.12,-46.31
2015-05-11,32.75,37.04,242.27,291.73,242.27,291.73,242.27,288.91,-4.29,-49.46,-49.46,-46.64
2015-05-12,32.58,36.84,240.09,290.29,240.09,290.29,240.09,287.48,-4.26,-50.2,-50.2,-47.39
2015-05-14,32.84,37.14,242.09,292.75,242.09,292.75,242.09,289.98,-4.3,-50.66,-50.66,-47.89
2015-05-18,33.13,37.45,244.76,295.47,244.76,295.47,244.76,292.71,-4.32,-50.71,-50.71,-47.95
2015-05-19,33.57,37.95,248.24,298.97,248.24,298.97,248.24,296.15,-4.38,-50.73,-50.73,-47.91
2015-05-20,33.38,37.73,246.25,297.89,246.25,297.89,246.25,295.07,-4.35,-51.64,-51.64,-48.82
2015-05-25,33.71,38.11,248.63,299.95,248.63,299.95,248.63,298.04,-4.4,-51.32,-51.32,-49.41
2015-05-26,33.88,38.31,249.75,302.25,249.75,302.25,249.75,299.38,-4.43,-52.5,-52.5,-49.63
2015-05-27,33.52,37.91,247.82,298.4,247.82,298.4,247.82,296.48,-4.39,-50.58,-50.58,-48.66
2015-06-02,33.4,37.77,247.12,297.55,247.12,297.55,247.12,294.68,-4.37,-50.43,-50.43,-47.56
2015-06-03,32.83,37.13,242.59,292.93,242.59,292.93,242.59,290.11,-4.3,-50.34,-50.34,-47.52
2015-06-04,32.03,36.21,236.24,285.64,236.24,285.64,236.24,282.87,-4.18,-49.4,-49.4,-46.63
2015-06-05,32.28,36.51,238.23,288.17,238.23,288.17,238.23,285.37,-4.23,-49.94,-49.94,-47.14
2015-06-09,32.01,36.17,236.26,284.86,236.26,284.86,236.26,282.08,-4.16,-48.6,-48.6,-45.82
2015-06-10,32.16,36.35,237.4,286.12,237.4,286.12,237.4,284.26,-4.19,-48.72,-48.72,-46.86
2015-06-11,32.27,36.5,238.13,287.8,238.13,287.8,238.13,285.01,-4.23,-49.67,-49.67,-46.88
2015-06-19,32.5,36.75,239.67,289.28,239.67,289.28,239.67,286.51,-4.25,-49.61,-49.61,-46.84
2015-06-26,32.29,36.51,237.96,287.98,237.96,287.98,237.96,285.17,-4.22,-50.02,-50.02,-47.21
2015-07-20,31.43,35.56,232.22,280.13,232.22,280.13,232.22,277.22,-4.13,-47.91,-47.91,-45
2015-07-22,30.74,34.76,227.09,274.34,227.09,274.34,227.09,271.46,-4.02,-47.25,-47.25,-44.37
2015-07-24,30.37,34.36,223.81,270.77,223.81,270.77,223.81,267.9,-3.99,-46.96,-46.96,-44.09
2015-07-27,30.65,34.66,226.63,272.69,226.63,272.69,226.63,270.79,-4.01,-46.06,-46.06,-44.16
2015-07-28,30.39,34.4,224.21,270.86,224.21,270.86,224.21,268.02,-4.01,-46.65,-46.65,-43.81
2015-07-30,30.63,34.64,226.42,272.57,226.42,272.57,226.42,270.66,-4.01,-46.15,-46.15,-44.24
2015-07-31,30.29,34.27,223.68,269.65,223.68,269.65,223.68,267.74,-3.98,-45.97,-45.97,-44.06
2015-08-03,30.67,34.68,226.26,273.34,226.26,273.34,226.26,270.47,-4.01,-47.08,-47.08,-44.21
2015-08-04,30.48,34.47,225.24,271.4,225.24,271.4,225.24,269.48,-3.99,-46.16,-46.16,-44.24
2015-08-05,30.74,34.76,226.81,274.26,226.81,274.26,226.81,271.37,-4.02,-47.45,-47.45,-44.56
2015-08-06,30.54,34.55,225.86,272.14,225.86,272.14,225.86,270.22,-4.01,-46.28,-46.28,-44.36
2015-08-11,30.82,34.83,227.36,274.53,227.36,274.53,227.36,272.62,-4.01,-47.17,-47.17,-45.26
2015-08-13,30.82,34.83,227.36,274.53,227.36,274.53,227.36,272.62,-4.01,-47.17,-47.17,-45.26
2015-08-13,30.97,35.02,228.46,276.17,228.46,276.17,228.46,273.34,-4.05,-47.71,-47.71,-44.88
2015-08-14,30.68,34.69,226.28,273.79,226.28,273.79,226.28,270.97,-4.01,-47.51,-47.51,-44.69
2015-08-17,30.95,35,228.46,275.34,228.46,275.34,228.46,273.45,-4.05,-46.88,-46.88,-44.99
2015-08-18,31.11,35.18,230.07,277.16,230.07,277.16,230.07,274.32,-4.07,-47.09,-47.09,-44.25
2015-08-20,31.42,35.56,232,279.92,232,279.92,232,278.04,-4.14,-47.92,-47.92,-46.04
2015-08-21,31.71,35.87,234.07,282.61,234.07,282.61,234.07,279.82,-4.16,-48.54,-48.54,-45.75
2015-08-24,31.11,35.18,229.78,277.55,229.78,277.55,229.78,274.81,-4.07,-47.77,-47.77,-45.03
2015-08-25,30.74,34.74,227.02,273.44,227.02,273.44,227.02,271.63,-4,-46.42,-46.42,-44.61
2015-08-26,30.32,34.29,223.93,270.33,223.93,270.33,223.93,267.59,-3.97,-46.4,-46.4,-43.66
2015-08-27,30.56,34.55,225.83,271.81,225.83,271.81,225.83,269.97,-3.99,-45.98,-45.98,-44.14
2015-08-28,30.87,34.92,227.61,274.89,227.61,274.89,227.61,273.03,-4.05,-47.28,-47.28,-45.42
2015-09-01,31.17,35.24,230.1,277.51,230.1,277.51,230.1,275.65,-4.07,-47.41,-47.41,-45.55
2015-09-03,31.02,35.08,229.28,276.77,229.28,276.77,229.28,273.96,-4.06,-47.49,-47.49,-44.68
2015-09-08,30.75,34.77,226.97,274.37,226.97,274.37,226.97,271.56,-4.02,-47.4,-47.4,-44.59
2015-09-09,30.92,34.97,228.65,275.33,228.65,275.33,228.65,273.45,-4.05,-46.68,-46.68,-44.8
2015-09-10,30.34,34.3,224.11,270.36,224.11,270.36,224.11,267.56,-3.96,-46.25,-46.25,-43.45
2015-09-14,30.04,33.97,221.65,267.4,221.65,267.4,221.65,265.55,-3.93,-45.75,-45.75,-43.9
2015-09-17,30.48,34.48,225.16,272.18,225.16,272.18,225.16,269.4,-4,-47.02,-47.02,-44.24
2015-09-21,30.93,34.98,228.38,275.57,228.38,275.57,228.38,272.79,-4.05,-47.19,-47.19,-44.41
2015-09-22,31.12,35.18,229.79,277.38,229.79,277.38,229.79,274.58,-4.06,-47.59,-47.59,-44.79
2015-09-25,31.58,35.71,233.13,281.03,233.13,281.03,233.13,279.16,-4.13,-47.9,-47.9,-46.03
2015-09-28,31.33,35.43,231.19,278.94,231.19,278.94,231.19,277.07,-4.1,-47.75,-47.75,-45.88
2015-09-29,30.83,34.87,227.58,274.85,227.58,274.85,227.58,272.06,-4.04,-47.27,-47.27,-44.48
2015-10-02,30.59,34.62,225.86,272.34,225.86,272.34,225.86,270.46,-4.03,-46.48,-46.48,-44.6
2015-10-05,31.07,35.14,229.02,276.46,229.02,276.46,229.02,274.59,-4.07,-47.44,-47.44,-45.57
2015-10-06,31.23,35.32,231.04,278.77,231.04,278.77,231.04,275.96,-4.09,-47.73,-47.73,-44.92
2015-10-14,31.68,35.82,233.74,281.96,233.74,281.96,233.74,280.11,-4.14,-48.22,-48.22,-46.37
2015-10-16,31.91,36.07,235.53,283.99,235.53,283.99,235.53,282.14,-4.16,-48.46,-48.46,-46.61
2015-10-19,31.72,35.87,234.18,282.49,234.18,282.49,234.18,279.72,-4.15,-48.31,-48.31,-45.54
2015-10-21,31.87,36.04,235.19,283.57,235.19,283.57,235.19,281.73,-4.17,-48.38,-48.38,-46.54
2015-10-22,31.62,35.78,233.09,281.42,233.09,281.42,233.09,279.57,-4.16,-48.33,-48.33,-46.48
2015-10-23,32.32,36.58,238.73,288.09,238.73,288.09,238.73,285.25,-4.26,-49.36,-49.36,-46.52
2015-10-26,32.47,36.71,239.46,289.09,239.46,289.09,239.46,287.19,-4.24,-49.63,-49.63,-47.73
2015-10-27,32.39,36.63,238.88,288.4,238.88,288.4,238.88,286.5,-4.24,-49.52,-49.52,-47.62
2015-10-29,32.66,36.93,240.82,290.87,240.82,290.87,240.82,287.99,-4.27,-50.05,-50.05,-47.17
2015-10-30,32.17,36.38,237.18,286.86,237.18,286.86,237.18,284,-4.21,-49.68,-49.68,-46.82
2015-11-02,31.84,36,235.12,283.56,235.12,283.56,235.12,280.71,-4.16,-48.44,-48.44,-45.59
2015-11-04,31.46,35.59,232.28,280.78,232.28,280.78,232.28,277.9,-4.13,-48.5,-48.5,-45.62
2015-11-09,31.23,35.32,230.78,278.78,230.78,278.78,230.78,275.86,-4.09,-48,-48,-45.08
2015-11-12,31.1,35.17,229.14,277.06,229.14,277.06,229.14,275.11,-4.07,-47.92,-47.92,-45.97
2015-11-13,30.86,34.92,227.76,274.56,227.76,274.56,227.76,272.62,-4.06,-46.8,-46.8,-44.86
2015-11-16,31.38,35.49,231.68,279.87,231.68,279.87,231.68,276.94,-4.11,-48.19,-48.19,-45.26
2015-11-17,31.12,35.22,229.41,277.67,229.41,277.67,229.41,274.71,-4.1,-48.26,-48.26,-45.3
2015-11-18,30.86,34.9,227.77,274.96,227.77,274.96,227.77,272.99,-4.04,-47.19,-47.19,-45.22
2015-11-20,31.15,35.22,229.87,277.95,229.87,277.95,229.87,275.02,-4.07,-48.08,-48.08,-45.15
2015-11-23,30.98,35.03,228.51,275.85,228.51,275.85,228.51,273.88,-4.05,-47.34,-47.34,-45.37
2015-11-25,31.15,35.24,230.4,277.74,230.4,277.74,230.4,274.79,-4.09,-47.34,-47.34,-44.39
2015-11-27,30.96,35.01,228.56,275.92,228.56,275.92,228.56,272.95,-4.05,-47.36,-47.36,-44.39
2015-11-30,30.67,34.69,226.38,273.69,226.38,273.69,226.38,270.71,-4.02,-47.31,-47.31,-44.33
2015-12-01,31.15,35.22,230.2,277.75,230.2,277.75,230.2,274.78,-4.07,-47.55,-47.55,-44.58
2015-12-02,30.94,34.99,228.57,275.93,228.57,275.93,228.57,272.97,-4.05,-47.36,-47.36,-44.4
2015-12-03,30.59,34.59,226.26,272.55,226.26,272.55,226.26,270.57,-4,-46.29,-46.29,-44.31
2015-12-04,29.85,33.76,220.76,265.69,220.76,265.69,220.76,263.77,-3.91,-44.93,-44.93,-43.01
2015-12-07,30.72,34.72,226.96,273.47,226.96,273.47,226.96,271.54,-4,-46.51,-46.51,-44.58
2015-12-08,30.34,34.32,224.35,270.71,224.35,270.71,224.35,267.81,-3.98,-46.36,-46.36,-43.46
2015-12-10,30,33.93,221.41,267.17,221.41,267.17,221.41,265.26,-3.93,-45.76,-45.76,-43.85
2015-12-14,30.14,34.08,222.1,268.97,222.1,268.97,222.1,266.1,-3.94,-46.87,-46.87,-44
2015-12-15,29.65,33.55,219.06,264.6,219.06,264.6,219.06,261.75,-3.9,-45.54,-45.54,-42.69
2015-12-16,29.93,33.84,220.76,266.64,220.76,266.64,220.76,264.73,-3.91,-45.88,-45.88,-43.97
2015-12-17,30.22,34.18,223.48,269.8,223.48,269.8,223.48,266.9,-3.96,-46.32,-46.32,-43.42
2015-12-18,29.93,33.88,220.82,266.98,220.82,266.98,220.82,264.08,-3.95,-46.16,-46.16,-43.26
2015-12-21,30.23,34.2,223.08,269.31,223.08,269.31,223.08,267.38,-3.97,-46.23,-46.23,-44.3
2015-12-28,30.07,34.01,221.92,267.79,221.92,267.79,221.92,265.88,-3.94,-45.87,-45.87,-43.96
2015-12-31,29.89,33.8,220.18,266.08,220.18,266.08,220.18,264.16,-3.91,-45.9,-45.9,-43.98
2016-01-04,30.17,34.09,222.5,268.62,222.5,268.62,222.5,266.7,-3.92,-46.12,-46.12,-44.2
2016-01-05,30.6,34.61,225.78,272.3,225.78,272.3,225.78,270.37,-4.01,-46.52,-46.52,-44.59
2016-01-07,31.09,35.14,228.96,276.58,228.96,276.58,228.96,274.65,-4.05,-47.62,-47.62,-45.69
2016-01-13,30.81,34.82,227.56,274.19,227.56,274.19,227.56,272.25,-4.01,-46.63,-46.63,-44.69
2016-01-15,30.56,34.56,225.67,272.04,225.67,272.04,225.67,270.12,-4,-46.37,-46.37,-44.45
2016-01-18,30.75,34.77,227.06,274.43,227.06,274.43,227.06,271.54,-4.02,-47.37,-47.37,-44.48
2016-01-21,31.1,35.16,229.83,277.38,229.83,277.38,229.83,274.49,-4.06,-47.55,-47.55,-44.66
2016-01-25,31.28,35.36,230.64,278.49,230.64,278.49,230.64,276.55,-4.08,-47.85,-47.85,-45.91
2016-01-26,31.54,35.69,232.76,280.64,232.76,280.64,232.76,278.71,-4.15,-47.88,-47.88,-45.95
2016-01-27,31.71,35.86,234.19,283.07,234.19,283.07,234.19,280.18,-4.15,-48.88,-48.88,-45.99
2016-01-29,31.4,35.51,231.37,279.93,231.37,279.93,231.37,277.05,-4.11,-48.56,-48.56,-45.68
2016-02-01,31.8,35.96,234.51,283.46,234.51,283.46,234.51,280.57,-4.16,-48.95,-48.95,-46.06
2016-02-08,32.17,36.38,237.33,286.52,237.33,286.52,237.33,283.7,-4.21,-49.19,-49.19,-46.37
2016-02-09,32.69,36.98,241.08,291.23,241.08,291.23,241.08,288.43,-4.29,-50.15,-50.15,-47.35
2016-02-10,32.43,36.67,239.29,289.07,239.29,289.07,239.29,286.28,-4.24,-49.78,-49.78,-46.99
2016-02-11,33.12,37.44,244.73,294.76,244.73,294.76,244.73,291.98,-4.32,-50.03,-50.03,-47.25
2016-02-12,33.71,38.11,248.66,299.92,248.66,299.92,248.66,298.07,-4.4,-51.26,-51.26,-49.41
2016-02-15,33.23,37.59,244.96,296.34,244.96,296.34,244.96,293.52,-4.36,-51.38,-51.38,-48.56
2016-02-16,33.36,37.73,246.09,297.58,246.09,297.58,246.09,294.76,-4.37,-51.49,-51.49,-48.67
2016-02-19,33.9,38.35,250.01,301.92,250.01,301.92,250.01,299.09,-4.45,-51.91,-51.91,-49.08
2016-02-22,33.52,37.89,247.27,298.18,247.27,298.18,247.27,296.29,-4.37,-50.91,-50.91,-49.02
2016-02-23,33.9,38.31,250.14,302.34,250.14,302.34,250.14,299.49,-4.41,-52.2,-52.2,-49.35
2016-02-24,34.26,38.72,253.34,304.86,253.34,304.86,253.34,302.96,-4.46,-51.52,-51.52,-49.62
2016-02-25,34.52,39.04,254.87,307.4,254.87,307.4,254.87,304.54,-4.52,-52.53,-52.53,-49.67
2016-02-29,34.83,39.36,256.84,309.9,256.84,309.9,256.84,307.01,-4.53,-53.06,-53.06,-50.17
2016-03-01,35.14,39.73,259.13,313.36,259.13,313.36,259.13,310.47,-4.59,-54.23,-54.23,-51.34
2016-03-02,34.75,39.29,256.9,310.1,256.9,310.1,256.9,307.21,-4.54,-53.2,-53.2,-50.31
2016-03-03,35.1,39.68,258.72,313,258.72,313,258.72,310.1,-4.58,-54.28,-54.28,-51.38
2016-03-04,35.72,40.38,264.02,318.35,264.02,318.35,264.02,315.47,-4.66,-54.33,-54.33,-51.45
2016-03-07,35.57,40.21,262.95,317.19,262.95,317.19,262.95,314.31,-4.64,-54.24,-54.24,-51.36
2016-03-08,35.39,40.04,261.28,315.17,261.28,315.17,261.28,312.32,-4.65,-53.89,-53.89,-51.04
2016-03-09,35.18,39.78,259.75,313.71,259.75,313.71,259.75,310.85,-4.6,-53.96,-53.96,-51.1
2016-03-10,34.96,39.52,257.85,311.69,257.85,311.69,257.85,308.82,-4.56,-53.84,-53.84,-50.97
2016-03-11,35.08,39.66,259.37,312.63,259.37,312.63,259.37,309.81,-4.58,-53.26,-53.26,-50.44
2016-03-15,34,38.44,251.3,303.35,251.3,303.35,251.3,300.52,-4.44,-52.05,-52.05,-49.22
2016-03-17,34.47,38.98,254.86,307.69,254.86,307.69,254.86,304.89,-4.51,-52.83,-52.83,-50.03
2016-03-18,34.22,38.69,252.71,305.24,252.71,305.24,252.71,302.45,-4.47,-52.53,-52.53,-49.74
2016-03-21,33.99,38.43,251.12,302.63,251.12,302.63,251.12,299.84,-4.44,-51.51,-51.51,-48.72
2016-03-22,34.29,38.77,253.34,305.06,253.34,305.06,253.34,303.2,-4.48,-51.72,-51.72,-49.86
2016-03-23,33.89,38.32,249.94,301.58,249.94,301.58,249.94,299.71,-4.43,-51.64,-51.64,-49.77
2016-03-24,33.56,37.95,247.94,298.61,247.94,298.61,247.94,296.73,-4.39,-50.67,-50.67,-48.79
2016-03-31,33.37,37.74,246.54,297.62,246.54,297.62,246.54,294.84,-4.37,-51.08,-51.08,-48.3
2016-04-01,33.26,37.61,245.26,296.08,245.26,296.08,245.26,293.31,-4.35,-50.82,-50.82,-48.05
2016-04-04,32.88,37.2,242.54,293.17,242.54,293.17,242.54,290.41,-4.32,-50.63,-50.63,-47.87
2016-04-05,33.35,37.71,246.48,297.42,246.48,297.42,246.48,294.65,-4.36,-50.94,-50.94,-48.17
2016-04-07,33.38,37.74,246.64,297.49,246.64,297.49,246.64,294.73,-4.36,-50.85,-50.85,-48.09
2016-04-11,33.71,38.12,248.84,300.68,248.84,300.68,248.84,297.93,-4.41,-51.84,-51.84,-49.09
2016-04-15,33.55,37.95,247.8,299.14,247.8,299.14,247.8,296.34,-4.4,-51.34,-51.34,-48.54
2016-04-20,33.85,38.28,250,301.16,250,301.16,250,299.31,-4.43,-51.16,-51.16,-49.31
2016-04-21,34.28,38.76,253.3,305.81,253.3,305.81,253.3,303.03,-4.48,-52.51,-52.51,-49.73
2016-04-22,33.95,38.39,250.52,302.84,250.52,302.84,250.52,300.05,-4.44,-52.32,-52.32,-49.53
2016-04-25,33.75,38.16,249.13,300.62,249.13,300.62,249.13,297.82,-4.41,-51.49,-51.49,-48.69
2016-04-27,33.85,38.28,249.65,301.91,249.65,301.91,249.65,299.13,-4.43,-52.26,-52.26,-49.48
2016-05-04,34.25,38.72,253.31,305.22,253.31,305.22,253.31,302.48,-4.47,-51.91,-51.91,-49.17
